11/23/2023 21:10,0.078689177,0.242318707,FALSE,0.423050959,0.424608069,-0.339210039,-0.209947691,-0.265545045,0,-0.021804088,0.053056518,-0.062732692,-0.393957713,1.303277154,-0.471583434,-0.997229856,0.470319921,-0.472588868,0.209767211,-0.622978223,-0.901137737,0,0,0,0,0,0,0,0,0,0,0,0,0,-0.155099354,-0.414889982,-0.406671179,-0.078702485,0,0,0,0,0.221783375,-0.241116992,0,-0.395670162,-0.110295753,-0.356806516,-0.400504917,-0.400479896,-0.400510234,0,-0.316250747,0.411879011,0.41352136,0.418472096,0.100585255,0.38095018,0.382717444,0.331375804,0.204886823,0
11/23/2023 21:11,0.064134258,0.242318707,FALSE,0.057566874,0.081505952,-0.406758543,-0.209947691,-0.265545045,0,-0.004416112,0.081652241,-0.141703581,-0.390517095,1.070908687,-0.471583434,-1.010022278,0.470269039,-0.472218916,0.210952674,-0.626049348,-0.8970341,0,0,0,0,0,0,0,0,0,0,0,0,0,-0.155099354,-0.414889982,-0.406671179,-0.078702485,0,0,0,0,0.221783375,-0.241116992,0,-0.395670162,-0.110295753,-0.356806516,-0.400504917,-0.400479896,-0.400510234,0,-0.316250747,0.411879011,0.41352136,0.418472096,0.100585255,0.38095018,0.382717444,0.331375804,0.204886823,0
11/23/2023 21:12,0.065347231,0.242318707,FALSE,0.561934911,0.571313802,-0.399648174,-0.209947691,-0.265545045,0,0.059644852,0.081093367,-0.175242285,-0.432910425,0.543060101,-0.471583434,-1.014416439,0.468771091,-0.474005313,0.192989425,-0.637876753,-0.899643786,0,0,0,0,0,0,0,0,0,0,0,0,0,-0.155099354,-0.414889982,-0.406671179,-0.078702485,0,0,0,0,0.221783375,-0.241116992,0,-0.395670162,-0.110295753,-0.356806516,-0.400504917,-0.400479896,-0.400510234,0,-0.316250747,0.411879011,0.41352136,0.418472096,0.100585255,0.38095018,0.382717444,0.331375804,0.204886823,0
11/23/2023 21:13,0.118450922,0.242318707,FALSE,1.486609646,-0.517148087,1.32106108,-0.209947691,-0.265545045,0,0.071541888,0.106615283,-0.124934229,1.231734357,1.466701997,-0.471583434,-1.025768022,0.49704487,-0.445234916,1.016091142,0.1946411,-0.895729257,0,0,0,0,0,0,0,0,0,0,0,0,0,-0.155099354,-0.414889982,-0.406671179,-0.078702485,0,0,0,0,0.221783375,-0.241116992,0,-0.395670162,-0.110295753,-0.356806516,-0.400504917,-0.400479896,-0.400510234,0,-0.316250747,0.411879011,0.41352136,0.418472096,0.100585255,0.38095018,0.382717444,0.331375804,0.204886823,0
11/23/2023 21:14,0.090636995,0.242318707,FALSE,-0.026494465,0.897852369,-0.413868912,-0.209947691,-0.265545045,0,0.147499888,0.096369259,-0.217864388,-0.414539982,1.466786569,-0.471583434,-1.026866563,0.471579744,-0.471466749,0.194914059,-0.636562596,-0.899208838,0,0,0,0,0,0,0,0,0,0,0,0,0,-0.155099354,-0.414889982,-0.406671179,-0.078702485,0,0,0,0,0.221783375,-0.241116992,0,-0.395670162,-0.110295753,-0.356806516,-0.400504917,-0.400479896,-0.400510234,0,-0.316250747,0.411879011,0.41352136,0.418472096,0.100585255,0.38095018,0.382717444,0.331375804,0.204886823,0
11/23/2023 21:15,0.089383037,0.242318707,FALSE,-0.098254146,0.871304518,-0.484625752,-0.209947691,-0.265545045,0,-0.017964894,0.079530337,-0.169260534,-0.400787999,1.450688553,-0.471583434,-1.040584919,0.471572894,-0.470923262,0.204662407,-0.630184132,-0.901960135,0,0,0,0,0,0,0,0,0,0,0,0,0,-0.155099354,-0.414889982,-0.406671179,-0.078702485,0,0,0,0,0.221783375,-0.241116992,0,-0.395670162,-0.110295753,-0.356806516,-0.400504917,-0.400479896,-0.400510234,0,-0.316250747,0.411879011,0.41352136,0.418472096,0.100585255,0.38095018,0.382717444,0.331375804,0.204886823,0
11/23/2023 21:16,0.103245582,0.242318707,FALSE,1.224174245,-0.156097314,0.857673141,-0.209947691,-0.265545045,0,-0.107226147,0.112158587,-0.242541239,0.730011012,0.966241554,-0.471583434,-1.062475344,0.487970407,-0.454554452,0.76850187,-0.055449205,-0.905075574,0,0,0,0,0,0,0,0,0,0,0,0,0,-0.155099354,-0.414889982,-0.406671179,-0.078702485,0,0,0,0,0.221783375,-0.241116992,0,-0.395670162,-0.110295753,-0.356806516,-0.400504917,-0.400479896,-0.400510234,0,-0.316250747,0.411879011,0.41352136,0.418472096,0.100585255,0.38095018,0.382717444,0.331375804,0.204886823,0
11/23/2023 21:17,0.081484236,0.242318707,FALSE,0.108734646,1.238588264,-0.305976793,-0.209947691,-0.265545045,0,0.194630455,0.105124952,-0.212958137,-0.362254874,0.99488712,-0.471583434,-1.061924327,0.470232405,-0.472500979,0.226558943,-0.60700837,-0.900407361,0,0,0,0,0,0,0,0,0,0,0,0,0,-0.155099354,-0.414889982,-0.406671179,-0.078702485,0,0,0,0,0.221783375,-0.241116992,0,-0.395670162,-0.110295753,-0.356806516,-0.400504917,-0.400479896,-0.400510234,0,-0.316250747,0.411879011,0.41352136,0.418472096,0.100585255,0.38095018,0.382717444,0.331375804,0.204886823,0
11/23/2023 21:18,0.068020076,0.242318707,FALSE,0.119211856,0.662018959,-0.498877321,-0.209947691,-0.265545045,0,0.251909091,0.104768929,-0.14330288,-0.483782422,0.2204878,-0.471583434,-1.052507307,0.467470788,-0.475555614,0.166415222,-0.670000567,-0.904049995,0,0,0,0,0,0,0,0,0,0,0,0,0,-0.155099354,-0.414889982,-0.406671179,-0.078702485,0,0,0,0,0.221783375,-0.241116992,0,-0.395670162,-0.110295753,-0.356806516,-0.400504917,-0.400479896,-0.400510234,0,-0.316250747,0.411879011,0.41352136,0.418472096,0.100585255,0.38095018,0.382717444,0.331375804,0.204886823,0
11/23/2023 21:19,0.090765405,0.242318707,FALSE,0.423050959,0.882471929,-0.392383232,-0.209947691,-0.265545045,0,0.404221217,0.148834574,-0.178994123,-0.393957713,1.426631662,-0.471583434,-1.057816741,0.471107565,-0.471797866,0.207968097,-0.627892023,-0.902801884,0,0,0,0,0,0,0,0,0,0,0,0,0,-0.155099354,-0.414889982,-0.406671179,-0.078702485,0,0,0,0,0.221783375,-0.241116992,0,-0.395670162,-0.110295753,-0.356806516,-0.400504917,-0.400479896,-0.400510234,0,-0.316250747,0.411879011,0.41352136,0.418472096,0.100585255,0.38095018,0.382717444,0.331375804,0.204886823,0
11/23/2023 21:20,0.108408977,0.242318707,FALSE,0.187313724,1.747325886,-0.365796635,-0.209947691,-0.265545045,0,-0.044046373,0.111045777,-0.156786884,-0.417734842,1.611664365,-0.471583434,-1.056105247,0.471107565,-0.471797866,0.195974002,-0.6371054,-0.907211876,0,0,0,0,0,0,0,0,0,0,0,0,0,-0.155099354,-0.414889982,-0.406671179,-0.078702485,0,0,0,0,0.221783375,-0.241116992,0,-0.395670162,-0.110295753,-0.356806516,-0.400504917,-0.400479896,-0.400510234,0,-0.316250747,0.411879011,0.41352136,0.418472096,0.100585255,0.38095018,0.382717444,0.331375804,0.204886823,0
11/23/2023 21:21,0.161146341,0.242318707,FALSE,2.993709376,-1.733892984,3.293341954,-0.209947691,-0.265545045,0,0.425119188,0.157002659,-0.137627697,3.202553193,1.256082613,-0.471583434,-1.056056347,0.527984641,-0.413878944,1.990490459,1.185592979,-0.910188851,0,0,0,0,0,0,0,0,0,0,0,0,0,-0.155099354,-0.414889982,-0.406671179,-0.078702485,0,0,0,0,0.221783375,-0.241116992,0,-0.395670162,-0.110295753,-0.356806516,-0.400504917,-0.400479896,-0.400510234,0,-0.316250747,0.411879011,0.41352136,0.418472096,0.100585255,0.38095018,0.382717444,0.331375804,0.204886823,0
11/23/2023 21:22,0.077631279,0.242318707,FALSE,0.580209115,0.780724404,-0.093284022,-0.209947691,-0.265545045,0,0.23398219,0.087884902,-0.093430935,0.081584865,1.179889706,-0.471583434,-1.060555132,0.478371394,-0.464415181,0.443652056,-0.385273106,-0.914866955,0,0,0,0,0,0,0,0,0,0,0,0,0,-0.155099354,-0.414889982,-0.406671179,-0.078702485,0,0,0,0,0.221783375,-0.241116992,0,-0.395670162,-0.110295753,-0.356806516,-0.400504917,-0.400479896,-0.400510234,0,-0.316250747,0.411879011,0.41352136,0.418472096,0.100585255,0.38095018,0.382717444,0.331375804,0.204886823,0
11/23/2023 21:23,0.084939252,0.242318707,FALSE,0.141628214,1.605352596,-0.499193337,-0.209947691,-0.265545045,0,0.071541888,0.123008922,-0.057158098,-0.512044642,0.741008103,-0.471583434,-1.057991871,0.467554008,-0.475321606,0.153855205,-0.684529292,-0.916606746,0,0,0,0,0,0,0,0,0,0,0,0,0,-0.155099354,-0.414889982,-0.406671179,-0.078702485,0,0,0,0,0.221783375,-0.241116992,0,-0.395670162,-0.110295753,-0.356806516,-0.400504917,-0.400479896,-0.400510234,0,-0.316250747,0.411879011,0.41352136,0.418472096,0.100585255,0.38095018,0.382717444,0.331375804,0.204886823,0
11/23/2023 21:24,0.076493123,0.242318707,FALSE,0.108734646,0.628103118,-0.432263127,-0.209947691,-0.265545045,0,0.0594658,0.104776668,-0.131967028,-0.371501536,1.179920764,-0.471583434,-1.060555132,0.470669985,-0.471973644,0.22236101,-0.612536396,-0.914450918,0,0,0,0,0,0,0,0,0,0,0,0,0,-0.155099354,-0.414889982,-0.406671179,-0.078702485,0,0,0,0,0.221783375,-0.241116992,0,-0.395670162,-0.110295753,-0.356806516,-0.400504917,-0.400479896,-0.400510234,0,-0.316250747,0.411879011,0.41352136,0.418472096,0.100585255,0.38095018,0.382717444,0.331375804,0.204886823,0
11/23/2023 21:25,0.063935795,0.242318707,FALSE,0.038886576,0.610014669,-0.390167682,-0.209947691,-0.265545045,0,0.239666329,0.121502032,-0.103242761,-0.443273239,0.661823779,-0.471583434,-1.043759671,0.468991622,-0.473579085,0.182967073,-0.651792205,-0.911464697,0,0,0,0,0,0,0,0,0,0,0,0,0,-0.155099354,-0.414889982,-0.406671179,-0.078702485,0,0,0,0,0.221783375,-0.241116992,0,-0.395670162,-0.110295753,-0.356806516,-0.400504917,-0.400479896,-0.400510234,0,-0.316250747,0.411879011,0.41352136,0.418472096,0.100585255,0.38095018,0.382717444,0.331375804,0.204886823,0
11/23/2023 21:26,0.10764489,0.242318707,FALSE,0.737367272,1.238588264,-0.465496372,-0.209947691,-0.265545045,0,0.397377437,0.091890166,-0.233205914,-0.44943768,1.796703655,-0.471583434,-1.04686318,0.470845017,-0.472149422,0.183979907,-0.653075253,-0.914034881,0,0,0,0,0,0,0,0,0,0,0,0,0,-0.155099354,-0.414889982,-0.406671179,-0.078702485,0,0,0,0,0.221783375,-0.241116992,0,-0.395670162,-0.110295753,-0.356806516,-0.400504917,-0.400479896,-0.400510234,0,-0.316250747,0.411879011,0.41352136,0.418472096,0.100585255,0.38095018,0.382717444,0.331375804,0.204886823,0
11/23/2023 21:27,0.21739709,0.242318707,TRUE,3.957192917,-3.23830281,4.079190486,-0.209947691,-0.265545045,0,0.259416848,0.120559873,-0.120895269,3.935670595,1.727260178,-0.471583434,-1.043273217,0.540403174,-0.401405121,2.353038786,1.555049024,-0.913976829,0,0,0,0,0,0,0,0,0,0,0,0,0,-0.155099354,-0.414889982,-0.406671179,-0.078702485,0,0,0,0,0.221783375,-0.241116992,0,-0.395670162,-0.110295753,-0.356806516,-0.400504917,-0.400479896,-0.400510234,0,-0.316250747,0.411879011,0.41352136,0.418472096,0.100585255,0.38095018,0.382717444,0.331375804,0.204886823,0
11/23/2023 21:28,0.117015637,0.242318707,FALSE,1.354213036,-0.313061483,0.929635276,-0.209947691,-0.265545045,0,0.411064997,0.091106528,-0.194963741,1.308748907,1.654727151,-0.471583434,-1.045596675,0.500504195,-0.441977092,1.051632713,0.232883041,-0.91896789,0,0,0,0,0,0,0,0,0,0,0,0,0,-0.155099354,-0.414889982,-0.406671179,-0.078702485,0,0,0,0,0.221783375,-0.241116992,0,-0.395670162,-0.110295753,-0.356806516,-0.400504917,-0.400479896,-0.400510234,0,-0.316250747,0.411879011,0.41352136,0.418472096,0.100585255,0.38095018,0.382717444,0.331375804,0.204886823,0
11/23/2023 21:29,0.066811927,0.242318707,FALSE,0.344471881,0.628103118,-0.392383232,-0.209947691,-0.265545045,0,0.293865265,0.149879425,-0.132620182,-0.437549116,-0.300351211,-0.471583434,-1.027694448,0.467344376,-0.475489209,0.191776069,-0.643247651,-0.919027324,0,0,0,0,0,0,0,0,0,0,0,0,0,-0.155099354,-0.414889982,-0.406671179,-0.078702485,0,0,0,0,0.221783375,-0.241116992,0,-0.395670162,-0.110295753,-0.356806516,-0.400504917,-0.400479896,-0.400510234,0,-0.316250747,0.411879011,0.41352136,0.418472096,0.100585255,0.38095018,0.382717444,0.331375804,0.204886823,0
11/23/2023 21:30,0.075766675,0.242318707,FALSE,0.030155568,1.391209551,-0.492082969,-0.209947691,-0.265545045,0,0.094540172,0.132465233,-0.209692366,-0.477177664,0.378107993,-0.471583434,-1.017425484,0.468044504,-0.474961874,0.168987289,-0.669045106,-0.916568084,0,0,0,0,0,0,0,0,0,0,0,0,0,-0.155099354,-0.414889982,-0.406671179,-0.078702485,0,0,0,0,0.221783375,-0.241116992,0,-0.395670162,-0.110295753,-0.356806516,-0.400504917,-0.400479896,-0.400510234,0,-0.316250747,0.411879011,0.41352136,0.418472096,0.100585255,0.38095018,0.382717444,0.331375804,0.204886823,0
11/23/2023 21:31,0.090011994,0.242318707,TRUE,1.254334892,0.456738866,0.602165369,-0.209947691,-0.265545045,0,0.212235178,0.118616368,0.016023943,0.344523759,1.050028392,-0.471583434,-1.032378537,0.48210234,-0.460372282,0.570031937,-0.253537985,-0.913955636,0,0,0,0,0,0,0,0,0,0,0,0,0,-0.155099354,-0.414889982,-0.406671179,-0.078702485,0,0,0,0,0.221783375,-0.241116992,0,-0.395670162,-0.110295753,-0.356806516,-0.400504917,-0.400479896,-0.400510234,0,-0.316250747,0.411879011,0.41352136,0.418472096,0.100585255,0.38095018,0.382717444,0.331375804,0.204886823,0
11/23/2023 21:32,0.242318707,0.242318707,FALSE,4.04535481,-3.23830281,5.220144546,-0.209947691,-0.265545045,0,0.163437006,0.197343717,0.067436142,5.211709847,1.796398861,-0.471583434,-1.054794493,0.559746348,-0.38178227,2.988199231,2.200075272,-0.919762645,0,0,0,0,0,0,0,0,0,0,0,0,0,-0.155099354,-0.414889982,-0.406671179,-0.078702485,0,0,0,0,0.221783375,-0.241116992,0,-0.395670162,-0.110295753,-0.356806516,-0.400504917,-0.400479896,-0.400510234,0,-0.316250747,0.411879011,0.41352136,0.418472096,0.100585255,0.38095018,0.382717444,0.331375804,0.204886823,0
11/23/2023 21:33,0.133189494,0.242318707,FALSE,2.075039023,-1.006955937,2.202746813,-0.209947691,-0.265545045,0,0.433943913,0.121704883,0.009220587,2.04003386,1.400680399,-0.471583434,-1.058358051,0.509215702,-0.432730135,1.41641497,0.604000707,-0.922261066,0,0,0,0,0,0,0,0,0,0,0,0,0,-0.155099354,-0.414889982,-0.406671179,-0.078702485,0,0,0,0,0.221783375,-0.241116992,0,-0.395670162,-0.110295753,-0.356806516,-0.400504917,-0.400479896,-0.400510234,0,-0.316250747,0.411879011,0.41352136,0.418472096,0.100585255,0.38095018,0.382717444,0.331375804,0.204886823,0
11/23/2023 21:34,0.095598588,0.242318707,FALSE,0.783364781,0.871304518,-0.417510808,-0.209947691,-0.265545045,0,0.222944508,0.065072311,-0.092315794,-0.270368192,1.589087349,-0.471583434,-1.06631577,0.474027612,-0.468951116,0.269927834,-0.562649332,-0.924891463,0,0,0,0,0,0,0,0,0,0,0,0,0,-0.155099354,-0.414889982,-0.406671179,-0.078702485,0,0,0,0,0.221783375,-0.241116992,0,-0.395670162,-0.110295753,-0.356806516,-0.400504917,-0.400479896,-0.400510234,0,-0.316250747,0.411879011,0.41352136,0.418472096,0.100585255,0.38095018,0.382717444,0.331375804,0.204886823,0
11/23/2023 21:35,0.103241823,0.242318707,FALSE,0.360187696,1.026048991,-0.451316854,-0.209947691,-0.265545045,0,0.262402887,0.117941797,-0.114593128,-0.428419873,1.796696795,-0.471583434,-1.090646998,0.472122751,-0.470883819,0.192162545,-0.643001961,-0.922771656,0,0,0,0,0,0,0,0,0,0,0,0,0,-0.155099354,-0.414889982,-0.406671179,-0.078702485,0,0,0,0,0.221783375,-0.241116992,0,-0.395670162,-0.110295753,-0.356806516,-0.400504917,-0.400479896,-0.400510234,0,-0.316250747,0.411879011,0.41352136,0.418472096,0.100585255,0.38095018,0.382717444,0.331375804,0.204886823,0
11/23/2023 21:36,0.094366304,0.242318707,FALSE,0.342555318,0.757148758,-0.514454617,-0.209947691,-0.265545045,0,0.207587733,0.11782457,-0.093781408,-0.540100066,1.589104244,-0.471583434,-1.142356193,0.469412743,-0.47319123,0.134687104,-0.700475454,-0.924213273,0,0,0,0,0,0,0,0,0,0,0,0,0,-0.155099354,-0.414889982,-0.406671179,-0.078702485,0,0,0,0,0.221783375,-0.241116992,0,-0.395670162,-0.110295753,-0.356806516,-0.400504917,-0.400479896,-0.400510234,0,-0.316250747,0.411879011,0.41352136,0.418472096,0.100585255,0.38095018,0.382717444,0.331375804,0.204886823,0
11/23/2023 21:37,0.090433532,0.242318707,FALSE,0.501630037,0.831598167,-0.531962863,-0.209947691,-0.265545045,0,0.221150102,0.120623583,0.832088436,-0.526052873,1.488308916,-0.471583434,-1.15126431,0.469707309,-0.473116203,0.140201462,-0.69361411,-0.926932025,0,0,0,0,0,0,0,0,0,0,0,0,0,-0.155099354,-0.414889982,-0.406671179,-0.078702485,0,0,0,0,0.221783375,-0.241116992,0,-0.395670162,-0.110295753,-0.356806516,-0.400504917,-0.400479896,-0.400510234,0,-0.316250747,0.411879011,0.41352136,0.418472096,0.100585255,0.38095018,0.382717444,0.331375804,0.204886823,0
11/23/2023 21:38,0.088377964,0.242318707,TRUE,0.778724682,1.380499285,-0.371393814,-0.209947691,-0.265545045,0,0.313721232,0.049472861,0.004164039,-0.359056781,1.124737041,-0.471583434,-1.12395247,0.470342951,-0.472500979,0.227379592,-0.609691564,-0.925602737,0,0,0,0,0,0,0,0,0,0,0,0,0,-0.155099354,-0.414889982,-0.406671179,-0.078702485,0,0,0,0,0.221783375,-0.241116992,0,-0.395670162,-0.110295753,-0.356806516,-0.400504917,-0.400479896,-0.400510234,0,-0.316250747,0.411879011,0.41352136,0.418472096,0.100585255,0.38095018,0.382717444,0.331375804,0.204886823,0
11/23/2023 21:39,0.104772004,0.242318707,FALSE,0.119211856,1.182061862,-0.560026493,-0.209947691,-0.265545045,0,0.145222165,0.097470447,0.086375133,-0.48783334,1.733651822,-0.471583434,-1.12108877,0.469975691,-0.473040032,0.163350065,-0.672512065,-0.926515989,0,0,0,0,0,0,0,0,0,0,0,0,0,-0.155099354,-0.414889982,-0.406671179,-0.078702485,0,0,0,0,0.221783375,-0.241116992,0,-0.395670162,-0.110295753,-0.356806516,-0.400504917,-0.400479896,-0.400510234,0,-0.316250747,0.411879011,0.41352136,0.418472096,0.100585255,0.38095018,0.382717444,0.331375804,0.204886823,0
11/23/2023 21:40,0.100927871,0.242318707,FALSE,0.212316158,0.96340746,-0.519878047,-0.209947691,-0.265545045,0,0.099828548,0.048869197,0.00053419,-0.489306402,1.73221181,-0.471583434,-1.129621691,0.471262707,-0.471765906,0.154948746,-0.678063047,-0.936179392,0,0,0,0,0,0,0,0,0,0,0,0,0,-0.155099354,-0.414889982,-0.406671179,-0.078702485,0,0,0,0,0.221783375,-0.241116992,0,-0.395670162,-0.110295753,-0.356806516,-0.400504917,-0.400479896,-0.400510234,0,-0.316250747,0.411879011,0.41352136,0.418472096,0.100585255,0.38095018,0.382717444,0.331375804,0.204886823,0
11/23/2023 21:41,0.077334219,0.242318707,FALSE,-0.121763984,0.87003612,-0.539643436,-0.209947691,-0.265545045,0,0.246662193,0.062402135,-0.170009626,-0.560749869,0.914019065,-0.471583434,-1.138234136,0.468275936,-0.474657192,0.126568174,-0.711440287,-0.937748985,0,0,0,0,0,0,0,0,0,0,0,0,0,-0.155099354,-0.414889982,-0.406671179,-0.078702485,0,0,0,0,0.221783375,-0.241116992,0,-0.395670162,-0.110295753,-0.356806516,-0.400504917,-0.400479896,-0.400510234,0,-0.316250747,0.411879011,0.41352136,0.418472096,0.100585255,0.38095018,0.382717444,0.331375804,0.204886823,0
11/23/2023 21:42,0.084542851,0.242318707,TRUE,0.265892802,0.933345691,-0.472143021,-0.209947691,-0.265545045,0,0.121915292,0.044871848,-0.093430935,-0.502275745,1.179924528,-0.471583434,-1.125249602,0.469007181,-0.473995094,0.15639349,-0.677644257,-0.936916911,0,0,0,0,0,0,0,0,0,0,0,0,0,-0.155099354,-0.414889982,-0.406671179,-0.078702485,0,0,0,0,0.221783375,-0.241116992,0,-0.395670162,-0.110295753,-0.356806516,-0.400504917,-0.400479896,-0.400510234,0,-0.316250747,0.411879011,0.41352136,0.418472096,0.100585255,0.38095018,0.382717444,0.331375804,0.204886823,0
11/23/2023 21:43,0.093153695,0.242318707,FALSE,0.225689553,1.442083313,-0.556076288,-0.209947691,-0.265545045,0,0.023038587,0.031353576,-0.121440614,-0.529001975,1.136895046,-0.471583434,-1.116214506,0.468302982,-0.474287376,0.144232036,-0.689785916,-0.936614339,0,0,0,0,0,0,0,0,0,0,0,0,0,-0.155099354,-0.414889982,-0.406671179,-0.078702485,0,0,0,0,0.221783375,-0.241116992,0,-0.395670162,-0.110295753,-0.356806516,-0.400504917,-0.400479896,-0.400510234,0,-0.316250747,0.411879011,0.41352136,0.418472096,0.100585255,0.38095018,0.382717444,0.331375804,0.204886823,0
11/23/2023 21:44,0.083576814,0.242318707,FALSE,0.342555318,0.757148758,-0.536826265,-0.209947691,-0.265545045,0,0.157678216,0.058234055,-0.093781408,-0.492674682,1.243106725,-0.471583434,-1.121233853,0.468725422,-0.473881481,0.158909324,-0.678423274,-0.939345406,0,0,0,0,0,0,0,0,0,0,0,0,0,-0.155099354,-0.414889982,-0.406671179,-0.078702485,0,0,0,0,0.221783375,-0.241116992,0,-0.395670162,-0.110295753,-0.356806516,-0.400504917,-0.400479896,-0.400510234,0,-0.316250747,0.411879011,0.41352136,0.418472096,0.100585255,0.38095018,0.382717444,0.331375804,0.204886823,0
11/23/2023 21:45,0.098387069,0.242318707,FALSE,1.130262663,1.085966978,-0.425616477,-0.209947691,-0.265545045,0,0.16554439,-0.001972328,-0.261291541,-0.413771987,1.549976758,-0.471583434,-1.124565005,0.472157757,-0.470479529,0.198372821,-0.636491175,-0.937406911,0,0,0,0,0,0,0,0,0,0,0,0,0,-0.155099354,-0.414889982,-0.406671179,-0.078702485,0,0,0,0,0.221783375,-0.241116992,0,-0.395670162,-0.110295753,-0.356806516,-0.400504917,-0.400479896,-0.400510234,0,-0.316250747,0.411879011,0.41352136,0.418472096,0.100585255,0.38095018,0.382717444,0.331375804,0.204886823,0
11/23/2023 21:46,0.074359004,0.242318707,FALSE,-0.202089264,0.401997508,-0.458111206,-0.209947691,-0.265545045,0,0.046405586,0.036234409,-0.221420111,-0.51213885,1.229257401,-0.471583434,-1.117589716,0.46988623,-0.473668927,0.148637309,-0.685069556,-0.943573502,0,0,0,0,0,0,0,0,0,0,0,0,0,-0.155099354,-0.414889982,-0.406671179,-0.078702485,0,0,0,0,0.221783375,-0.241116992,0,-0.395670162,-0.110295753,-0.356806516,-0.400504917,-0.400479896,-0.400510234,0,-0.316250747,0.411879011,0.41352136,0.418472096,0.100585255,0.38095018,0.382717444,0.331375804,0.204886823,0
11/23/2023 21:47,0.094079461,0.242318707,TRUE,0.607040996,0.985460277,-0.275823702,-0.209947691,-0.265545045,0,0.212386725,0.060187842,-0.339271769,-0.298527014,1.519896927,-0.471583434,-1.121233853,0.472751158,-0.470035797,0.253779687,-0.578499336,-0.943350971,0,0,0,0,0,0,0,0,0,0,0,0,0,-0.155099354,-0.414889982,-0.406671179,-0.078702485,0,0,0,0,0.221783375,-0.241116992,0,-0.395670162,-0.110295753,-0.356806516,-0.400504917,-0.400479896,-0.400510234,0,-0.316250747,0.411879011,0.41352136,0.418472096,0.100585255,0.38095018,0.382717444,0.331375804,0.204886823,0
11/23/2023 21:48,0.091339603,0.242318707,FALSE,0.119211856,1.078053281,-0.532849083,-0.209947691,-0.265545045,0,0.170582172,0.08233945,-0.176686312,-0.508087932,1.292313919,-0.471583434,-1.111641324,0.469260005,-0.473489243,0.151089435,-0.68695318,-0.945653687,0,0,0,0,0,0,0,0,0,0,0,0,0,-0.155099354,-0.414889982,-0.406671179,-0.078702485,0,0,0,0,0.221783375,-0.241116992,0,-0.395670162,-0.110295753,-0.356806516,-0.400504917,-0.400479896,-0.400510234,0,-0.316250747,0.411879011,0.41352136,0.418472096,0.100585255,0.38095018,0.382717444,0.331375804,0.204886823,0
11/23/2023 21:49,0.108604258,0.242318707,FALSE,1.136012352,0.186369963,0.738357684,-0.209947691,-0.265545045,0,0.208547532,0.068002992,-0.019767896,0.660354979,1.796625884,-0.471583434,-1.125074279,0.489639615,-0.452878128,0.728804342,-0.096797042,-0.943350971,0,0,0,0,0,0,0,0,0,0,0,0,0,-0.155099354,-0.414889982,-0.406671179,-0.078702485,0,0,0,0,0.221783375,-0.241116992,0,-0.395670162,-0.110295753,-0.356806516,-0.400504917,-0.400479896,-0.400510234,0,-0.316250747,0.411879011,0.41352136,0.418472096,0.100585255,0.38095018,0.382717444,0.331375804,0.204886823,0
11/23/2023 21:50,0.079131296,0.242318707,FALSE,0.761814096,0.558010379,0.044670873,-0.209947691,-0.265545045,0,0.369089813,0.046025055,-0.112590122,0.048238176,1.229230463,-0.471583434,-1.148031488,0.478385008,-0.464505023,0.425114516,-0.40566538,-0.944211425,0,0,0,0,0,0,0,0,0,0,0,0,0,-0.155099354,-0.414889982,-0.406671179,-0.078702485,0,0,0,0,0.221783375,-0.241116992,0,-0.395670162,-0.110295753,-0.356806516,-0.400504917,-0.400479896,-0.400510234,0,-0.316250747,0.411879011,0.41352136,0.418472096,0.100585255,0.38095018,0.382717444,0.331375804,0.204886823,0
11/23/2023 21:51,0.076133802,0.242318707,FALSE,0.423050959,1.035093215,-0.458849723,-0.209947691,-0.265545045,0,0.044922767,0.107388797,-0.074489466,-0.463968148,0.871526965,-0.471583434,-1.146472127,0.469094697,-0.473643537,0.175584041,-0.658603279,-0.948981982,0,0,0,0,0,0,0,0,0,0,0,0,0,-0.155099354,-0.414889982,-0.406671179,-0.078702485,0,0,0,0,0.221783375,-0.241116992,0,-0.395670162,-0.110295753,-0.356806516,-0.400504917,-0.400479896,-0.400510234,0,-0.316250747,0.411879011,0.41352136,0.418472096,0.100585255,0.38095018,0.382717444,0.331375804,0.204886823,0
11/23/2023 21:52,0.097945086,0.242318707,TRUE,0.81411893,1.115544746,-0.456531124,-0.209947691,-0.265545045,0,0.189597093,0.116861308,-0.042484915,-0.473890645,1.532770914,-0.471583434,-1.134523511,0.471111635,-0.471466749,0.167327641,-0.669416497,-0.943573502,0,0,0,0,0,0,0,0,0,0,0,0,0,-0.155099354,-0.414889982,-0.406671179,-0.078702485,0,0,0,0,0.221783375,-0.241116992,0,-0.395670162,-0.110295753,-0.356806516,-0.400504917,-0.400479896,-0.400510234,0,-0.316250747,0.411879011,0.41352136,0.418472096,0.100585255,0.38095018,0.382717444,0.331375804,0.204886823,0
11/23/2023 21:53,0.096180085,0.242318707,FALSE,0.501630037,0.475481831,-0.412323179,-0.209947691,-0.265545045,0,0.311830187,0.026761089,-0.089512011,-0.441511971,1.796690479,-0.471583434,-1.138256956,0.472157757,-0.470655308,0.183380203,-0.648775677,-0.941333984,0,0,0,0,0,0,0,0,0,0,0,0,0,-0.155099354,-0.414889982,-0.406671179,-0.078702485,0,0,0,0,0.221783375,-0.241116992,0,-0.395670162,-0.110295753,-0.356806516,-0.400504917,-0.400479896,-0.400510234,0,-0.316250747,0.411879011,0.41352136,0.418472096,0.100585255,0.38095018,0.382717444,0.331375804,0.204886823,0
11/23/2023 21:54,0.085061594,0.242318707,FALSE,0.645996251,0.78900618,-0.470751862,-0.209947691,-0.265545045,0,0.279282443,0.037128608,0.025291216,-0.407474427,1.268843601,-0.471583434,-1.132326431,0.471486123,-0.471090665,0.201971049,-0.63196305,-0.946183188,0,0,0,0,0,0,0,0,0,0,0,0,0,-0.155099354,-0.414889982,-0.406671179,-0.078702485,0,0,0,0,0.221783375,-0.241116992,0,-0.395670162,-0.110295753,-0.356806516,-0.400504917,-0.400479896,-0.400510234,0,-0.316250747,0.411879011,0.41352136,0.418472096,0.100585255,0.38095018,0.382717444,0.331375804,0.204886823,0
11/23/2023 21:55,0.078335062,0.242318707,FALSE,0.360187696,1.234066152,-0.492082969,-0.209947691,-0.265545045,0,0.258904955,0.052789501,-0.097901412,-0.491884259,0.661828589,-0.471583434,-1.117589716,0.468365396,-0.474297823,0.160897939,-0.675023563,-0.946337836,0,0,0,0,0,0,0,0,0,0,0,0,0,-0.155099354,-0.414889982,-0.406671179,-0.078702485,0,0,0,0,0.221783375,-0.241116992,0,-0.395670162,-0.110295753,-0.356806516,-0.400504917,-0.400479896,-0.400510234,0,-0.316250747,0.411879011,0.41352136,0.418472096,0.100585255,0.38095018,0.382717444,0.331375804,0.204886823,0
11/23/2023 21:56,0.075077951,0.242318707,TRUE,0.894525428,0.729850642,-0.47878967,-0.209947691,-0.265545045,0,0.334927945,0.020317838,-0.153521113,-0.526052873,0.871532612,-0.471583434,-1.12867259,0.468219536,-0.474610317,0.140801167,-0.69361411,-0.946069724,0,0,0,0,0,0,0,0,0,0,0,0,0,-0.155099354,-0.414889982,-0.406671179,-0.078702485,0,0,0,0,0.221783375,-0.241116992,0,-0.395670162,-0.110295753,-0.356806516,-0.400504917,-0.400479896,-0.400510234,0,-0.316250747,0.411879011,0.41352136,0.418472096,0.100585255,0.38095018,0.382717444,0.331375804,0.204886823,0
11/23/2023 21:57,0.103553341,0.242318707,FALSE,0.212316158,1.069779871,-0.46428789,-0.209947691,-0.265545045,0,0.250974984,0.008452441,-0.276017197,-0.50311635,1.732212794,-0.471583434,-1.134631701,0.471079719,-0.47185779,0.15244089,-0.681273769,-0.95705688,0,0,0,0,0,0,0,0,0,0,0,0,0,-0.155099354,-0.414889982,-0.406671179,-0.078702485,0,0,0,0,0.221783375,-0.241116992,0,-0.395670162,-0.110295753,-0.356806516,-0.400504917,-0.400479896,-0.400510234,0,-0.316250747,0.411879011,0.41352136,0.418472096,0.100585255,0.38095018,0.382717444,0.331375804,0.204886823,0
11/23/2023 21:58,0.095963063,0.242318707,TRUE,0.089089876,0.857035048,-0.545588494,-0.209947691,-0.265545045,0,-0.152648606,0.118542587,-0.093561566,-0.451881441,1.654831054,-0.471583434,-1.15424231,0.471720177,-0.471085964,0.175074292,-0.658541856,-0.953587414,0,0,0,0,0,0,0,0,0,0,0,0,0,-0.155099354,-0.414889982,-0.406671179,-0.078702485,0,0,0,0,0.221783375,-0.241116992,0,-0.395670162,-0.110295753,-0.356806516,-0.400504917,-0.400479896,-0.400510234,0,-0.316250747,0.411879011,0.41352136,0.418472096,0.100585255,0.38095018,0.382717444,0.331375804,0.204886823,0
11/23/2023 21:59,0.093619346,0.242318707,FALSE,0.199537136,0.714023249,-0.451316854,-0.209947691,-0.265545045,0,0.082259389,0.055281665,-0.10391043,-0.414916812,1.670602038,-0.471583434,-1.205415978,0.471228143,-0.471692399,0.19829286,-0.636095341,-0.95484348,0,0,0,0,0,0,0,0,0,0,0,0,0,-0.155099354,-0.414889982,-0.406671179,-0.078702485,0,0,0,0,0.221783375,-0.241116992,0,-0.395670162,-0.110295753,-0.356806516,-0.400504917,-0.400479896,-0.400510234,0,-0.316250747,0.411879011,0.41352136,0.418472096,0.100585255,0.38095018,0.382717444,0.331375804,0.204886823,0
11/23/2023 22:00,0.078492214,0.242318707,FALSE,0.294467013,0.591104018,-0.429544043,-0.209947691,-0.265545045,0,0.110560839,0.016827084,-0.185199087,-0.392636761,1.216367654,-0.471583434,-1.239484043,0.470622249,-0.472133443,0.210748546,-0.625407204,-0.949740094,0,0,0,0,0,0,0,0,0,0,0,0,0,-0.155099354,-0.414889982,-0.406671179,-0.078702485,0,0,0,0,0.221783375,-0.241116992,0,-0.395670162,-0.110295753,-0.356806516,-0.400504917,-0.400479896,-0.400510234,0,-0.316250747,0.411879011,0.41352136,0.418472096,0.100585255,0.38095018,0.382717444,0.331375804,0.204886823,0
11/23/2023 22:01,0.069889859,0.242318707,FALSE,0.279862416,0.193980347,-0.587203903,-0.209947691,-0.265545045,0,0.321867731,0.055637689,-0.211405082,-0.471629667,1.040122481,-0.471583434,-1.272247915,0.468902161,-0.47375877,0.171319474,-0.66623332,-0.956544609,0,0,0,0,0,0,0,0,0,0,0,0,0,-0.155099354,-0.414889982,-0.406671179,-0.078702485,0,0,0,0,0.221783375,-0.241116992,0,-0.395670162,-0.110295753,-0.356806516,-0.400504917,-0.400479896,-0.400510234,0,-0.316250747,0.411879011,0.41352136,0.418472096,0.100585255,0.38095018,0.382717444,0.331375804,0.204886823,0
11/23/2023 22:02,0.089488863,0.242318707,TRUE,0.038886576,0.20698142,-0.407153563,-0.209947691,-0.265545045,0,0.301754622,-0.038842042,-0.305379443,-0.4567763,1.796702087,-0.471583434,-1.261750752,0.470713743,-0.471939465,0.177449789,-0.657443076,-0.956969891,0,0,0,0,0,0,0,0,0,0,0,0,0,-0.155099354,-0.414889982,-0.406671179,-0.078702485,0,0,0,0,0.221783375,-0.241116992,0,-0.395670162,-0.110295753,-0.356806516,-0.400504917,-0.400479896,-0.400510234,0,-0.316250747,0.411879011,0.41352136,0.418472096,0.100585255,0.38095018,0.382717444,0.331375804,0.204886823,0
11/23/2023 22:03,0.104501159,0.242318707,FALSE,0.477873572,1.115544746,-0.620069607,-0.209947691,-0.265545045,0,0.241761021,-0.01745476,-0.25559543,-0.529001975,1.664735578,-0.471583434,-1.257926204,0.469988174,-0.473159125,0.140382768,-0.695699618,-0.956621933,0,0,0,0,0,0,0,0,0,0,0,0,0,-0.155099354,-0.414889982,-0.406671179,-0.078702485,0,0,0,0,0.221783375,-0.241116992,0,-0.395670162,-0.110295753,-0.356806516,-0.400504917,-0.400479896,-0.400510234,0,-0.316250747,0.411879011,0.41352136,0.418472096,0.100585255,0.38095018,0.382717444,0.331375804,0.204886823,0
11/23/2023 22:04,0.09714882,0.242318707,FALSE,0.81594635,0.67897688,-0.47878967,-0.209947691,-0.265545045,0,0.266490145,-0.034014441,-0.3899629,-0.535299535,1.673334089,-0.471583434,-1.281680148,0.470757501,-0.472237312,0.139002053,-0.700984811,-0.965623459,0,0,0,0,0,0,0,0,0,0,0,0,0,-0.155099354,-0.414889982,-0.406671179,-0.078702485,0,0,0,0,0.221783375,-0.241116992,0,-0.395670162,-0.110295753,-0.356806516,-0.400504917,-0.400479896,-0.400510234,0,-0.316250747,0.411879011,0.41352136,0.418472096,0.100585255,0.38095018,0.382717444,0.331375804,0.204886823,0
11/23/2023 22:05,0.108374066,0.242318707,FALSE,0.894525428,1.391209551,-0.538609512,-0.209947691,-0.265545045,0,0.180087422,-0.033492015,-0.30570602,-0.524731922,1.67333503,-0.471583434,-1.297083593,0.471107565,-0.471622088,0.143199986,-0.69361411,-0.96845251,0,0,0,0,0,0,0,0,0,0,0,0,0,-0.155099354,-0.414889982,-0.406671179,-0.078702485,0,0,0,0,0.221783375,-0.241116992,0,-0.395670162,-0.110295753,-0.356806516,-0.400504917,-0.400479896,-0.400510234,0,-0.316250747,0.411879011,0.41352136,0.418472096,0.100585255,0.38095018,0.382717444,0.331375804,0.204886823,0
11/23/2023 22:06,0.106241287,0.242318707,TRUE,0.73005759,1.115544746,-0.506303706,-0.209947691,-0.265545045,0,0.04408719,-0.026396745,-0.131921459,-0.519110198,1.796689166,-0.471583434,-1.313585579,0.471298879,-0.47156077,0.143590491,-0.696356696,-0.968877792,0,0,0,0,0,0,0,0,0,0,0,0,0,-0.155099354,-0.414889982,-0.406671179,-0.078702485,0,0,0,0,0.221783375,-0.241116992,0,-0.395670162,-0.110295753,-0.356806516,-0.400504917,-0.400479896,-0.400510234,0,-0.316250747,0.411879011,0.41352136,0.418472096,0.100585255,0.38095018,0.382717444,0.331375804,0.204886823,0
11/23/2023 22:07,0.075741833,0.242318707,FALSE,-0.121763984,0.506006088,-0.627970017,-0.209947691,-0.265545045,0,0.131230437,-0.018059171,0.050988695,-0.649870071,1.040117671,-0.471583434,-1.351676447,0.467381327,-0.475375929,0.07997778,-0.756647255,-0.963349124,0,0,0,0,0,0,0,0,0,0,0,0,0,-0.155099354,-0.414889982,-0.406671179,-0.078702485,0,0,0,0,0.221783375,-0.241116992,0,-0.395670162,-0.110295753,-0.356806516,-0.400504917,-0.400479896,-0.400510234,0,-0.316250747,0.411879011,0.41352136,0.418472096,0.100585255,0.38095018,0.382717444,0.331375804,0.204886823,0
11/23/2023 22:08,0.064777066,0.242318707,FALSE,0.030155568,-0.135003315,-0.352503337,-0.209947691,-0.265545045,0,0.135602852,-0.07563436,0.000623256,-0.387352955,0.131385801,-0.471583434,-1.3799199,0.468744633,-0.473907205,0.212765735,-0.619907097,-0.977272492,0,0,0,0,0,0,0,0,0,0,0,0,0,-0.155099354,-0.414889982,-0.406671179,-0.078702485,0,0,0,0,0.221783375,-0.241116992,0,-0.395670162,-0.110295753,-0.356806516,-0.400504917,-0.400479896,-0.400510234,0,-0.316250747,0.411879011,0.41352136,0.418472096,0.100585255,0.38095018,0.382717444,0.331375804,0.204886823,0
11/23/2023 22:09,0.077194567,0.242318707,FALSE,-0.098254146,-0.213175194,-0.685970587,-0.209947691,-0.265545045,0,0.093371722,-0.030663271,-0.211763343,-0.697196652,-0.625288113,-0.471583434,-1.368941293,0.463030477,-0.479699311,0.061347604,-0.777658082,-0.974950426,0,0,0,0,0,0,0,0,0,0,0,0,0,-0.155099354,-0.414889982,-0.406671179,-0.078702485,0,0,0,0,0.221783375,-0.241116992,0,-0.395670162,-0.110295753,-0.356806516,-0.400504917,-0.400479896,-0.400510234,0,-0.316250747,0.411879011,0.41352136,0.418472096,0.100585255,0.38095018,0.382717444,0.331375804,0.204886823,0
11/23/2023 22:10,0.11907543,0.242318707,TRUE,0.898180269,-1.387917598,1.214405548,-0.209947691,-0.265545045,0,-0.000755485,0.0415996,-0.124934229,1.046616813,0.674940193,-0.471583434,-1.376202376,0.492551024,-0.449747919,0.92370872,0.101336021,-0.980979003,0,0,0,0,0,0,0,0,0,0,0,0,0,-0.155099354,-0.414889982,-0.406671179,-0.078702485,0,0,0,0,0.221783375,-0.241116992,0,-0.395670162,-0.110295753,-0.356806516,-0.400504917,-0.400479896,-0.400510234,0,-0.316250747,0.411879011,0.41352136,0.418472096,0.100585255,0.38095018,0.382717444,0.331375804,0.204886823,0
11/23/2023 22:11,0.123972978,0.242318707,FALSE,1.601737133,-1.152478559,1.648138045,-0.209947691,-0.265545045,0,0.043211822,0.110175068,-0.19271036,1.76315626,1.241473786,-0.471583434,-1.362804961,0.505501359,-0.43690589,1.28203927,0.464814441,-0.991417748,0,0,0,0,0,0,0,0,0,0,0,0,0,-0.155099354,-0.414889982,-0.406671179,-0.078702485,0,0,0,0,0.221783375,-0.241116992,0,-0.395670162,-0.110295753,-0.356806516,-0.400504917,-0.400479896,-0.400510234,0,-0.316250747,0.411879011,0.41352136,0.418472096,0.100585255,0.38095018,0.382717444,0.331375804,0.204886823,0
11/23/2023 22:12,0.070414709,0.242318707,FALSE,-0.110555805,0.190352141,-0.612959238,-0.209947691,-0.265545045,0,0.219797262,0.104193495,-0.314986884,-0.579873971,0.543062115,-0.471583434,-1.368146414,0.466992277,-0.475509648,0.116645618,-0.720668583,-0.98532848,0,0,0,0,0,0,0,0,0,0,0,0,0,-0.155099354,-0.414889982,-0.406671179,-0.078702485,0,0,0,0,0.221783375,-0.241116992,0,-0.395670162,-0.110295753,-0.356806516,-0.400504917,-0.400479896,-0.400510234,0,-0.316250747,0.411879011,0.41352136,0.418472096,0.100585255,0.38095018,0.382717444,0.331375804,0.204886823,0
11/23/2023 22:13,0.071650451,0.242318707,FALSE,0.477873572,0.135929046,-0.428089649,-0.209947691,-0.265545045,0,0.140178635,0.054826286,-0.218563111,-0.574221527,-0.050767796,-0.471583434,-1.39084958,0.46558795,-0.477296045,0.123061064,-0.714097803,-0.998811858,0,0,0,0,0,0,0,0,0,0,0,0,0,-0.155099354,-0.414889982,-0.406671179,-0.078702485,0,0,0,0,0.221783375,-0.241116992,0,-0.395670162,-0.110295753,-0.356806516,-0.400504917,-0.400479896,-0.400510234,0,-0.316250747,0.411879011,0.41352136,0.418472096,0.100585255,0.38095018,0.382717444,0.331375804,0.204886823,0
11/23/2023 22:14,0.108600583,0.242318707,FALSE,1.083115216,-0.534079717,0.798843992,-0.209947691,-0.265545045,0,0.120736641,0.030003998,-0.412373343,0.919185602,1.22918236,-0.471583434,-1.412559991,0.49180413,-0.450579482,0.860366884,0.037614055,-0.987673415,0,0,0,0,0,0,0,0,0,0,0,0,0,-0.155099354,-0.414889982,-0.406671179,-0.078702485,0,0,0,0,0.221783375,-0.241116992,0,-0.395670162,-0.110295753,-0.356806516,-0.400504917,-0.400479896,-0.400510234,0,-0.316250747,0.411879011,0.41352136,0.418472096,0.100585255,0.38095018,0.382717444,0.331375804,0.204886823,0
11/23/2023 22:15,0.073471728,0.242318707,FALSE,0.07806964,0.471759361,-0.536826265,-0.209947691,-0.265545045,0,0.225823903,0.040259211,-0.197107202,-0.495638768,1.035510115,-0.471583434,-1.440757248,0.468529044,-0.474374517,0.156890806,-0.677045013,-0.980736242,0,0,0,0,0,0,0,0,0,0,0,0,0,-0.155099354,-0.414889982,-0.406671179,-0.078702485,0,0,0,0,0.221783375,-0.241116992,0,-0.395670162,-0.110295753,-0.356806516,-0.400504917,-0.400479896,-0.400510234,0,-0.316250747,0.411879011,0.41352136,0.418472096,0.100585255,0.38095018,0.382717444,0.331375804,0.204886823,0
11/23/2023 22:16,0.075225228,0.242318707,FALSE,0.430717211,0.471759361,-0.60394121,-0.209947691,-0.265545045,0,0.032904422,0.002355736,-0.071797197,-0.578633191,0.205111001,-0.471583434,-1.420018951,0.466172515,-0.476445271,0.121230315,-0.718392849,-1.002544316,0,0,0,0,0,0,0,0,0,0,0,0,0,-0.155099354,-0.414889982,-0.406671179,-0.078702485,0,0,0,0,0.221783375,-0.241116992,0,-0.395670162,-0.110295753,-0.356806516,-0.400504917,-0.400479896,-0.400510234,0,-0.316250747,0.411879011,0.41352136,0.418472096,0.100585255,0.38095018,0.382717444,0.331375804,0.204886823,0
11/23/2023 22:17,0.077956431,0.242318707,FALSE,-0.186416038,0.414681481,-0.514454617,-0.209947691,-0.265545045,0,0.02810543,0.02189361,-0.120895269,-0.52824372,-0.279288482,-0.471583434,-1.441525333,0.465583383,-0.477332736,0.146798214,-0.688760233,-1.012833743,0,0,0,0,0,0,0,0,0,0,0,0,0,-0.155099354,-0.414889982,-0.406671179,-0.078702485,0,0,0,0,0.221783375,-0.241116992,0,-0.395670162,-0.110295753,-0.356806516,-0.400504917,-0.400479896,-0.400510234,0,-0.316250747,0.411879011,0.41352136,0.418472096,0.100585255,0.38095018,0.382717444,0.331375804,0.204886823,0
11/23/2023 22:18,0.073311597,0.242318707,TRUE,0.067574176,0.43914343,-0.564879602,-0.209947691,-0.265545045,0,0.121548661,-0.062523961,0.102017656,-0.554673492,0.986080565,-0.471583434,-1.46732019,0.46769444,-0.475485023,0.12775045,-0.708121522,-0.993592486,0,0,0,0,0,0,0,0,0,0,0,0,0,-0.155099354,-0.414889982,-0.406671179,-0.078702485,0,0,0,0,0.221783375,-0.241116992,0,-0.395670162,-0.110295753,-0.356806516,-0.400504917,-0.400479896,-0.400510234,0,-0.316250747,0.411879011,0.41352136,0.418472096,0.100585255,0.38095018,0.382717444,0.331375804,0.204886823,0
11/23/2023 22:19,0.073844924,0.242318707,FALSE,0.540919576,0.325172988,-0.214132188,-0.209947691,-0.265545045,0,0.394072203,0.019193831,0.153491006,-0.367778854,-0.008793455,-0.471583434,-1.432727267,0.469798803,-0.472960399,0.223287827,-0.610637882,-0.99567057,0,0,0,0,0,0,0,0,0,0,0,0,0,-0.155099354,-0.414889982,-0.406671179,-0.078702485,0,0,0,0,0.221783375,-0.241116992,0,-0.395670162,-0.110295753,-0.356806516,-0.400504917,-0.400479896,-0.400510234,0,-0.316250747,0.411879011,0.41352136,0.418472096,0.100585255,0.38095018,0.382717444,0.331375804,0.204886823,0
11/23/2023 22:20,0.107792062,0.242318707,FALSE,1.484741616,-0.430071136,0.683340001,-0.209947691,-0.265545045,0,0.31574635,0.025375693,-0.043820252,0.820613257,1.481389191,-0.471583434,-1.413259802,0.490462218,-0.451927115,0.813776489,-0.01261591,-1.007578471,0,0,0,0,0,0,0,0,0,0,0,0,0,-0.155099354,-0.414889982,-0.406671179,-0.078702485,0,0,0,0,0.221783375,-0.241116992,0,-0.395670162,-0.110295753,-0.356806516,-0.400504917,-0.400479896,-0.400510234,0,-0.316250747,0.411879011,0.41352136,0.418472096,0.100585255,0.38095018,0.382717444,0.331375804,0.204886823,0
11/23/2023 22:21,0.075888782,0.242318707,FALSE,-0.362739824,0.475481831,-0.591782705,-0.209947691,-0.265545045,0,0.115071512,-0.003887889,-0.042484915,-0.585495696,0.254752544,-0.471583434,-1.394638748,0.466469216,-0.47628021,0.114414159,-0.721868465,-1.01263563,0,0,0,0,0,0,0,0,0,0,0,0,0,-0.155099354,-0.414889982,-0.406671179,-0.078702485,0,0,0,0,0.221783375,-0.241116992,0,-0.395670162,-0.110295753,-0.356806516,-0.400504917,-0.400479896,-0.400510234,0,-0.316250747,0.411879011,0.41352136,0.418472096,0.100585255,0.38095018,0.382717444,0.331375804,0.204886823,0
11/23/2023 22:22,0.120959635,0.242318707,TRUE,1.994632524,-0.592867175,1.455385221,-0.209947691,-0.265545045,0,0.314396605,0.049225396,-0.220795986,1.362907923,1.303171745,-0.471583434,-1.415176675,0.499375238,-0.443146017,1.080538481,0.261505931,-1.013957703,0,0,0,0,0,0,0,0,0,0,0,0,0,-0.155099354,-0.414889982,-0.406671179,-0.078702485,0,0,0,0,0.221783375,-0.241116992,0,-0.395670162,-0.110295753,-0.356806516,-0.400504917,-0.400479896,-0.400510234,0,-0.316250747,0.411879011,0.41352136,0.418472096,0.100585255,0.38095018,0.382717444,0.331375804,0.204886823,0
11/23/2023 22:23,0.234700588,0.242318707,FALSE,4.176572511,-3.347148998,4.613161842,-0.209947691,-0.265545045,0,0.26097931,0.086868399,0.118221375,4.798426572,1.796397191,-0.471583434,-1.403665883,0.555183998,-0.386283808,2.779055692,1.989778253,-1.009279599,0,0,0,0,0,0,0,0,0,0,0,0,0,-0.155099354,-0.414889982,-0.406671179,-0.078702485,0,0,0,0,0.221783375,-0.241116992,0,-0.395670162,-0.110295753,-0.356806516,-0.400504917,-0.400479896,-0.400510234,0,-0.316250747,0.411879011,0.41352136,0.418472096,0.100585255,0.38095018,0.382717444,0.331375804,0.204886823,0
11/23/2023 22:24,0.075916508,0.242318707,FALSE,-0.121763984,0.454001798,-0.566820845,-0.209947691,-0.265545045,0,0.432927072,0.151586016,-0.218749437,-0.551297726,0.977067887,-0.471583434,-1.400313301,0.468812701,-0.474297823,0.135150616,-0.701394295,-1.013957703,0,0,0,0,0,0,0,0,0,0,0,0,0,-0.155099354,-0.414889982,-0.406671179,-0.078702485,0,0,0,0,0.221783375,-0.241116992,0,-0.395670162,-0.110295753,-0.356806516,-0.400504917,-0.400479896,-0.400510234,0,-0.316250747,0.411879011,0.41352136,0.418472096,0.100585255,0.38095018,0.382717444,0.331375804,0.204886823,0
11/23/2023 22:25,0.077867525,0.242318707,FALSE,-0.048423511,0.577229356,-0.591782705,-0.209947691,-0.265545045,0,0.361447592,0.176174855,-0.082327315,-0.573607131,0.748176222,-0.471583434,-1.392584955,0.467519408,-0.475225541,0.121010911,-0.715111988,-1.020124295,0,0,0,0,0,0,0,0,0,0,0,0,0,-0.155099354,-0.414889982,-0.406671179,-0.078702485,0,0,0,0,0.221783375,-0.241116992,0,-0.395670162,-0.110295753,-0.356806516,-0.400504917,-0.400479896,-0.400510234,0,-0.316250747,0.411879011,0.41352136,0.418472096,0.100585255,0.38095018,0.382717444,0.331375804,0.204886823,0
11/23/2023 22:26,0.080348535,0.242318707,FALSE,0.520838256,0.76602754,-0.593998255,-0.209947691,-0.265545045,0,0.226549084,0.136989054,-0.28618397,-0.635016704,0.598781692,-0.471583434,-1.384217651,0.466397258,-0.476543878,0.094077505,-0.744089764,-1.020762218,0,0,0,0,0,0,0,0,0,0,0,0,0,-0.155099354,-0.414889982,-0.406671179,-0.078702485,0,0,0,0,0.221783375,-0.241116992,0,-0.395670162,-0.110295753,-0.356806516,-0.400504917,-0.400479896,-0.400510234,0,-0.316250747,0.411879011,0.41352136,0.418472096,0.100585255,0.38095018,0.382717444,0.331375804,0.204886823,0
11/23/2023 22:27,0.074125602,0.242318707,FALSE,0.067574176,0.327705665,-0.521201622,-0.209947691,-0.265545045,0,0.341730988,0.080139733,-0.091129345,-0.569141057,0.513212342,-0.471583434,-1.409585795,0.467311037,-0.475388764,0.121182255,-0.712830581,-1.015451136,0,0,0,0,0,0,0,0,0,0,0,0,0,-0.155099354,-0.414889982,-0.406671179,-0.078702485,0,0,0,0,0.221783375,-0.241116992,0,-0.395670162,-0.110295753,-0.356806516,-0.400504917,-0.400479896,-0.400510234,0,-0.316250747,0.411879011,0.41352136,0.418472096,0.100585255,0.38095018,0.382717444,0.331375804,0.204886823,0
11/23/2023 22:28,0.073548801,0.242318707,TRUE,-0.052913744,0.238555453,-0.588174524,-0.209947691,-0.265545045,0,0.32449118,0.101234124,-0.030466879,-0.587948892,0.823953581,-0.471583434,-1.448800196,0.467521909,-0.475157741,0.112118146,-0.724535957,-1.030650029,0,0,0,0,0,0,0,0,0,0,0,0,0,-0.155099354,-0.414889982,-0.406671179,-0.078702485,0,0,0,0,0.221783375,-0.241116992,0,-0.395670162,-0.110295753,-0.356806516,-0.400504917,-0.400479896,-0.400510234,0,-0.316250747,0.411879011,0.41352136,0.418472096,0.100585255,0.38095018,0.382717444,0.331375804,0.204886823,0
11/23/2023 22:29,0.079321853,0.242318707,FALSE,0.344471881,0.22111302,-0.598429354,-0.209947691,-0.265545045,0,0.1963414,0.134032511,-0.151561651,-0.60530997,1.364957231,-0.471583434,-1.457964023,0.467869472,-0.474873985,0.106617997,-0.731081841,-1.027612959,0,0,0,0,0,0,0,0,0,0,0,0,0,-0.155099354,-0.414889982,-0.406671179,-0.078702485,0,0,0,0,0.221783375,-0.241116992,0,-0.395670162,-0.110295753,-0.356806516,-0.400504917,-0.400479896,-0.400510234,0,-0.316250747,0.411879011,0.41352136,0.418472096,0.100585255,0.38095018,0.382717444,0.331375804,0.204886823,0
11/23/2023 22:30,0.113354422,0.242318707,FALSE,2.075039023,-1.224648315,1.292619605,-0.209947691,-0.265545045,0,-0.44186098,0.596375256,0.772226102,1.072052811,1.730623269,-0.471583434,-1.460057618,0.49601503,-0.446269146,0.936539612,0.110535113,-1.019901764,0,0,0,0,0,0,0,0,0,0,0,0,0,-0.155099354,-0.414889982,-0.406671179,-0.078702485,0,0,0,0,0.221783375,-0.241116992,0,-0.395670162,-0.110295753,-0.356806516,-0.400504917,-0.400479896,-0.400510234,0,-0.316250747,0.411879011,0.41352136,0.418472096,0.100585255,0.38095018,0.382717444,0.331375804,0.204886823,0
11/23/2023 22:31,0.138940836,0.242318707,FALSE,2.151790681,-1.966458755,1.834244221,-0.209947691,-0.265545045,0,-0.007261055,0.089626321,-0.06077323,1.847697163,0.871404616,-0.471583434,-1.458648621,0.506026456,-0.436466445,1.319820669,0.503510623,-1.019486372,0,0,0,0,0,0,0,0,0,0,0,0,0,-0.155099354,-0.414889982,-0.406671179,-0.078702485,0,0,0,0,0.221783375,-0.241116992,0,-0.395670162,-0.110295753,-0.356806516,-0.400504917,-0.400479896,-0.400510234,0,-0.316250747,0.411879011,0.41352136,0.418472096,0.100585255,0.38095018,0.382717444,0.331375804,0.204886823,0
11/23/2023 22:32,0.076518173,0.242318707,FALSE,0.540919576,-0.02053735,-0.041107826,-0.209947691,-0.265545045,0,0.176922174,0.107728374,-0.156656253,0.129931694,0.661794797,-0.471583434,-1.484509294,0.478161356,-0.464516253,0.46886964,-0.359045694,-1.02746783,0,0,0,0,0,0,0,0,0,0,0,0,0,-0.155099354,-0.414889982,-0.406671179,-0.078702485,0,0,0,0,0.221783375,-0.241116992,0,-0.395670162,-0.110295753,-0.356806516,-0.400504917,-0.400479896,-0.400510234,0,-0.316250747,0.411879011,0.41352136,0.418472096,0.100585255,0.38095018,0.382717444,0.331375804,0.204886823,0
11/23/2023 22:33,0.083353081,0.242318707,FALSE,0.344471881,0.831598167,-0.578489407,-0.209947691,-0.265545045,0,0.234837662,0.107911223,-0.177687815,-0.592100454,0.254754426,-0.471583434,-1.480213445,0.466206668,-0.476543878,0.11201534,-0.72616804,-1.030525218,0,0,0,0,0,0,0,0,0,0,0,0,0,-0.155099354,-0.414889982,-0.406671179,-0.078702485,0,0,0,0,0.221783375,-0.241116992,0,-0.395670162,-0.110295753,-0.356806516,-0.400504917,-0.400479896,-0.400510234,0,-0.316250747,0.411879011,0.41352136,0.418472096,0.100585255,0.38095018,0.382717444,0.331375804,0.204886823,0
11/23/2023 22:34,0.077076939,0.242318707,FALSE,-0.205581667,0.628103118,-0.472143021,-0.209947691,-0.265545045,0,0.323806802,0.07134142,-0.359264657,-0.543225244,0.871535436,-0.471583434,-1.466863792,0.467169344,-0.475577098,0.137802643,-0.699756361,-1.040926141,0,0,0,0,0,0,0,0,0,0,0,0,0,-0.155099354,-0.414889982,-0.406671179,-0.078702485,0,0,0,0,0.221783375,-0.241116992,0,-0.395670162,-0.110295753,-0.356806516,-0.400504917,-0.400479896,-0.400510234,0,-0.316250747,0.411879011,0.41352136,0.418472096,0.100585255,0.38095018,0.382717444,0.331375804,0.204886823,0
11/23/2023 22:35,0.073191408,0.242318707,FALSE,-0.194617145,0.244775235,-0.655621451,-0.209947691,-0.265545045,0,0.180445527,0.074014296,-0.298217533,-0.623680413,1.004933403,-0.471583434,-1.448339855,0.466711412,-0.475791711,0.092266924,-0.745637548,-1.032737778,0,0,0,0,0,0,0,0,0,0,0,0,0,-0.155099354,-0.414889982,-0.406671179,-0.078702485,0,0,0,0,0.221783375,-0.241116992,0,-0.395670162,-0.110295753,-0.356806516,-0.400504917,-0.400479896,-0.400510234,0,-0.316250747,0.411879011,0.41352136,0.418472096,0.100585255,0.38095018,0.382717444,0.331375804,0.204886823,0
11/23/2023 22:36,0.080863115,0.242318707,FALSE,0.520838256,0.662018959,-0.661941779,-0.209947691,-0.265545045,0,0.181075968,0.061512076,-0.209402076,-0.639067622,0.850975054,-0.471583434,-1.483940698,0.467202406,-0.475196245,0.089173253,-0.745973388,-1.034371248,0,0,0,0,0,0,0,0,0,0,0,0,0,-0.155099354,-0.414889982,-0.406671179,-0.078702485,0,0,0,0,0.221783375,-0.241116992,0,-0.395670162,-0.110295753,-0.356806516,-0.400504917,-0.400479896,-0.400510234,0,-0.316250747,0.411879011,0.41352136,0.418472096,0.100585255,0.38095018,0.382717444,0.331375804,0.204886823,0
11/23/2023 22:37,0.098203169,0.242318707,FALSE,0.458768722,1.442083313,-0.610212051,-0.209947691,-0.265545045,0,0.346671249,0.081093367,-0.36751815,-0.642596831,1.151887873,-0.471583434,-1.510382415,0.467511452,-0.475349385,0.087863595,-0.749983223,-1.031819555,0,0,0,0,0,0,0,0,0,0,0,0,0,-0.155099354,-0.414889982,-0.406671179,-0.078702485,0,0,0,0,0.221783375,-0.241116992,0,-0.395670162,-0.110295753,-0.356806516,-0.400504917,-0.400479896,-0.400510234,0,-0.316250747,0.411879011,0.41352136,0.418472096,0.100585255,0.38095018,0.382717444,0.331375804,0.204886823,0
11/23/2023 22:38,0.104979647,0.242318707,FALSE,1.570670986,0.462467613,0.588693092,-0.209947691,-0.265545045,0,0.394592178,0.060973901,-0.128427844,0.427674186,1.796632785,-0.471583434,-1.565883667,0.486746474,-0.455765258,0.615767314,-0.214061429,-1.037087255,0,0,0,0,0,0,0,0,0,0,0,0,0,-0.155099354,-0.414889982,-0.406671179,-0.078702485,0,0,0,0,0.221783375,-0.241116992,0,-0.395670162,-0.110295753,-0.356806516,-0.400504917,-0.400479896,-0.400510234,0,-0.316250747,0.411879011,0.41352136,0.418472096,0.100585255,0.38095018,0.382717444,0.331375804,0.204886823,0
11/23/2023 22:39,0.137120737,0.242318707,FALSE,2.689620816,-0.950114039,2.16450883,-0.209947691,-0.265545045,0,0.339357391,0.106193023,-0.259477224,2.380216787,1.733477689,-0.471583434,-1.551822351,0.517568846,-0.424435402,1.581291931,0.770971533,-1.03862407,0,0,0,0,0,0,0,0,0,0,0,0,0,-0.155099354,-0.414889982,-0.406671179,-0.078702485,0,0,0,0,0.221783375,-0.241116992,0,-0.395670162,-0.110295753,-0.356806516,-0.400504917,-0.400479896,-0.400510234,0,-0.316250747,0.411879011,0.41352136,0.418472096,0.100585255,0.38095018,0.382717444,0.331375804,0.204886823,0
11/23/2023 22:40,0.102868999,0.242318707,FALSE,0.294467013,0.96340746,-0.638007129,-0.209947691,-0.265545045,0,0.368135832,0.10530701,-0.11350058,-0.634310862,1.66773498,-0.471583434,-1.553683212,0.469341333,-0.473236051,0.088490559,-0.749341079,-1.038198788,0,0,0,0,0,0,0,0,0,0,0,0,0,-0.155099354,-0.414889982,-0.406671179,-0.078702485,0,0,0,0,0.221783375,-0.241116992,0,-0.395670162,-0.110295753,-0.356806516,-0.400504917,-0.400479896,-0.400510234,0,-0.316250747,0.411879011,0.41352136,0.418472096,0.100585255,0.38095018,0.382717444,0.331375804,0.204886823,0
11/23/2023 22:41,0.099150142,0.242318707,FALSE,0.07806964,1.385005433,-0.618855642,-0.209947691,-0.265545045,0,0.368833867,0.073473597,-0.117964041,-0.602345883,1.173895184,-0.471583434,-1.550209372,0.46882361,-0.473782874,0.103736489,-0.735621115,-1.033253646,0,0,0,0,0,0,0,0,0,0,0,0,0,-0.155099354,-0.414889982,-0.406671179,-0.078702485,0,0,0,0,0.221783375,-0.241116992,0,-0.395670162,-0.110295753,-0.356806516,-0.400504917,-0.400479896,-0.400510234,0,-0.316250747,0.411879011,0.41352136,0.418472096,0.100585255,0.38095018,0.382717444,0.331375804,0.204886823,0
11/23/2023 22:42,0.101637448,0.242318707,FALSE,0.922464656,0.714023249,-0.55323214,-0.209947691,-0.265545045,0,0.472278807,0.058485876,-0.130617176,-0.576953542,1.796689099,-0.471583434,-1.517881524,0.470601917,-0.472051768,0.114920576,-0.722114155,-1.038013882,0,0,0,0,0,0,0,0,0,0,0,0,0,-0.155099354,-0.414889982,-0.406671179,-0.078702485,0,0,0,0,0.221783375,-0.241116992,0,-0.395670162,-0.110295753,-0.356806516,-0.400504917,-0.400479896,-0.400510234,0,-0.316250747,0.411879011,0.41352136,0.418472096,0.100585255,0.38095018,0.382717444,0.331375804,0.204886823,0
11/23/2023 22:43,0.095166839,0.242318707,FALSE,0.225689553,0.680159991,-0.392537805,-0.209947691,-0.265545045,0,0.249082274,0.095996676,-0.110959769,-0.458346424,1.730706834,-0.471583434,-1.491915287,0.472047853,-0.470714582,0.173743087,-0.662188639,-1.034042621,0,0,0,0,0,0,0,0,0,0,0,0,0,-0.155099354,-0.414889982,-0.406671179,-0.078702485,0,0,0,0,0.221783375,-0.241116992,0,-0.395670162,-0.110295753,-0.356806516,-0.400504917,-0.400479896,-0.400510234,0,-0.316250747,0.411879011,0.41352136,0.418472096,0.100585255,0.38095018,0.382717444,0.331375804,0.204886823,0
11/23/2023 22:44,0.104429876,0.242318707,FALSE,0.580209115,1.391209551,-0.438909776,-0.209947691,-0.265545045,0,0.304986407,0.116444177,-0.098656168,-0.544546196,1.549987111,-0.471583434,-1.452487243,0.469707309,-0.47337987,0.130006482,-0.705284387,-1.039261993,0,0,0,0,0,0,0,0,0,0,0,0,0,-0.155099354,-0.414889982,-0.406671179,-0.078702485,0,0,0,0,0.221783375,-0.241116992,0,-0.395670162,-0.110295753,-0.356806516,-0.400504917,-0.400479896,-0.400510234,0,-0.316250747,0.411879011,0.41352136,0.418472096,0.100585255,0.38095018,0.382717444,0.331375804,0.204886823,0
11/23/2023 22:45,0.086750366,0.242318707,FALSE,0.303114471,1.442083313,-0.459899194,-0.209947691,-0.265545045,0,0.124211561,0.144755987,-0.080436606,-0.520560496,0.602096633,-0.471583434,-1.449640758,0.468224143,-0.474735212,0.146798214,-0.688506343,-1.041829245,0,0,0,0,0,0,0,0,0,0,0,0,0,-0.155099354,-0.414889982,-0.406671179,-0.078702485,0,0,0,0,0.221783375,-0.241116992,0,-0.395670162,-0.110295753,-0.356806516,-0.400504917,-0.400479896,-0.400510234,0,-0.316250747,0.411879011,0.41352136,0.418472096,0.100585255,0.38095018,0.382717444,0.331375804,0.204886823,0
11/23/2023 22:46,0.089388068,0.242318707,FALSE,0.477873572,0.897852369,-0.612959238,-0.209947691,-0.265545045,0,0.18502131,0.092270849,-0.252101815,-0.561503528,1.268850648,-0.471583434,-1.445776595,0.468490225,-0.474193355,0.128834965,-0.708184101,-1.039696941,0,0,0,0,0,0,0,0,0,0,0,0,0,-0.155099354,-0.414889982,-0.406671179,-0.078702485,0,0,0,0,0.221783375,-0.241116992,0,-0.395670162,-0.110295753,-0.356806516,-0.400504917,-0.400479896,-0.400510234,0,-0.316250747,0.411879011,0.41352136,0.418472096,0.100585255,0.38095018,0.382717444,0.331375804,0.204886823,0
11/23/2023 22:47,0.104317734,0.242318707,FALSE,0.477873572,1.006698557,-0.634290345,-0.209947691,-0.265545045,0,0.143839262,0.158590571,-0.210877158,-0.55019864,1.730722943,-0.471583434,-1.423073428,0.469426443,-0.473441188,0.12947651,-0.706212867,-1.045351261,0,0,0,0,0,0,0,0,0,0,0,0,0,-0.155099354,-0.414889982,-0.406671179,-0.078702485,0,0,0,0,0.221783375,-0.241116992,0,-0.395670162,-0.110295753,-0.356806516,-0.400504917,-0.400479896,-0.400510234,0,-0.316250747,0.411879011,0.41352136,0.418472096,0.100585255,0.38095018,0.382717444,0.331375804,0.204886823,0
11/23/2023 22:48,0.101224692,0.242318707,TRUE,0.737367272,0.933345691,-0.246156951,-0.209947691,-0.265545045,0,0.09026281,0.096417856,-0.088858856,-0.396599616,1.796685774,-0.471583434,-1.443929773,0.473207949,-0.469600638,0.205569278,-0.630348924,-1.045502547,0,0,0,0,0,0,0,0,0,0,0,0,0,-0.155099354,-0.414889982,-0.406671179,-0.078702485,0,0,0,0,0.221783375,-0.241116992,0,-0.395670162,-0.110295753,-0.356806516,-0.400504917,-0.400479896,-0.400510234,0,-0.316250747,0.411879011,0.41352136,0.418472096,0.100585255,0.38095018,0.382717444,0.331375804,0.204886823,0
11/23/2023 22:49,0.105466665,0.242318707,FALSE,1.083115216,0.623015742,0.631533064,-0.209947691,-0.265545045,0,0.333345321,0.068076259,-0.205479522,0.830234188,1.796609729,-0.471583434,-1.479391928,0.492955938,-0.449355382,0.810941219,-0.013636206,-1.044380215,0,0,0,0,0,0,0,0,0,0,0,0,0,-0.155099354,-0.414889982,-0.406671179,-0.078702485,0,0,0,0,0.221783375,-0.241116992,0,-0.395670162,-0.110295753,-0.356806516,-0.400504917,-0.400479896,-0.400510234,0,-0.316250747,0.411879011,0.41352136,0.418472096,0.100585255,0.38095018,0.382717444,0.331375804,0.204886823,0
11/23/2023 22:50,0.103313568,0.242318707,FALSE,0.540919576,1.122966077,-0.589365742,-0.209947691,-0.265545045,0,0.37618505,0.074721356,-0.28830837,-0.562499129,1.603249295,-0.471583434,-1.467081618,0.469798803,-0.472776631,0.124854473,-0.712096702,-1.043727456,0,0,0,0,0,0,0,0,0,0,0,0,0,-0.155099354,-0.414889982,-0.406671179,-0.078702485,0,0,0,0,0.221783375,-0.241116992,0,-0.395670162,-0.110295753,-0.356806516,-0.400504917,-0.400479896,-0.400510234,0,-0.316250747,0.411879011,0.41352136,0.418472096,0.100585255,0.38095018,0.382717444,0.331375804,0.204886823,0
11/23/2023 22:51,0.105040994,0.242318707,FALSE,1.234425627,-0.136186426,0.674017517,-0.209947691,-0.265545045,0,0.371713262,0.10344833,-0.356211541,0.680621059,1.664654026,-0.471583434,-1.457128178,0.490959454,-0.451722359,0.741510055,-0.087902449,-1.04361147,0,0,0,0,0,0,0,0,0,0,0,0,0,-0.155099354,-0.414889982,-0.406671179,-0.078702485,0,0,0,0,0.221783375,-0.241116992,0,-0.395670162,-0.110295753,-0.356806516,-0.400504917,-0.400479896,-0.400510234,0,-0.316250747,0.411879011,0.41352136,0.418472096,0.100585255,0.38095018,0.382717444,0.331375804,0.204886823,0
11/23/2023 22:52,0.082507215,0.242318707,FALSE,0.057566874,0.734583085,-0.634290345,-0.209947691,-0.265545045,0,0.335106997,0.083701446,-0.280749458,-0.629332857,0.609041426,-0.471583434,-1.449072215,0.466336924,-0.476449857,0.093550013,-0.743666314,-1.044046418,0,0,0,0,0,0,0,0,0,0,0,0,0,-0.155099354,-0.414889982,-0.406671179,-0.078702485,0,0,0,0,0.221783375,-0.241116992,0,-0.395670162,-0.110295753,-0.356806516,-0.400504917,-0.400479896,-0.400510234,0,-0.316250747,0.411879011,0.41352136,0.418472096,0.100585255,0.38095018,0.382717444,0.331375804,0.204886823,0
11/23/2023 22:53,0.081179189,0.242318707,FALSE,-0.127002589,0.271986782,-0.625015951,-0.209947691,-0.265545045,0,0.168110807,0.02867665,-0.297868171,-0.619840437,-0.300349329,-0.471583434,-1.442560578,0.46463138,-0.478125882,0.09942154,-0.736609867,-1.057567618,0,0,0,0,0,0,0,0,0,0,0,0,0,-0.155099354,-0.414889982,-0.406671179,-0.078702485,0,0,0,0,0.221783375,-0.241116992,0,-0.395670162,-0.110295753,-0.356806516,-0.400504917,-0.400479896,-0.400510234,0,-0.316250747,0.411879011,0.41352136,0.418472096,0.100585255,0.38095018,0.382717444,0.331375804,0.204886823,0
11/23/2023 22:54,0.082446577,0.242318707,TRUE,-0.098254146,-0.099019435,-0.723256667,-0.209947691,-0.265545045,0,0.298768583,0.053349587,-0.375179315,-0.712017085,-0.763687965,-0.471583434,-1.430388099,0.462637722,-0.480192348,0.055964888,-0.782481996,-1.055665735,0,0,0,0,0,0,0,0,0,0,0,0,0,-0.155099354,-0.414889982,-0.406671179,-0.078702485,0,0,0,0,0.221783375,-0.241116992,0,-0.395670162,-0.110295753,-0.356806516,-0.400504917,-0.400479896,-0.400510234,0,-0.316250747,0.411879011,0.41352136,0.418472096,0.100585255,0.38095018,0.382717444,0.331375804,0.204886823,0
11/23/2023 22:55,0.077168437,0.242318707,TRUE,-0.182007944,0.388996435,-0.70610507,-0.209947691,-0.265545045,0,0.174954587,0.027422828,-0.167172034,-0.690379253,0.803687115,-0.471583434,-1.428218259,0.465882859,-0.476746023,0.064038961,-0.775797429,-1.055210075,0,0,0,0,0,0,0,0,0,0,0,0,0,-0.155099354,-0.414889982,-0.406671179,-0.078702485,0,0,0,0,0.221783375,-0.241116992,0,-0.395670162,-0.110295753,-0.356806516,-0.400504917,-0.400479896,-0.400510234,0,-0.316250747,0.411879011,0.41352136,0.418472096,0.100585255,0.38095018,0.382717444,0.331375804,0.204886823,0
11/23/2023 22:56,0.133108425,0.242318707,TRUE,1.758895289,-1.457721133,1.98711715,-0.209947691,-0.265545045,0,0.273333925,0.011262458,-0.273701469,1.860906679,1.179792768,-0.471583434,-1.442218279,0.506201488,-0.435851221,1.325817716,0.512109774,-1.052159138,0,0,0,0,0,0,0,0,0,0,0,0,0,-0.155099354,-0.414889982,-0.406671179,-0.078702485,0,0,0,0,0.221783375,-0.241116992,0,-0.395670162,-0.110295753,-0.356806516,-0.400504917,-0.400479896,-0.400510234,0,-0.316250747,0.411879011,0.41352136,0.418472096,0.100585255,0.38095018,0.382717444,0.331375804,0.204886823,0
11/23/2023 22:57,0.180168253,0.242318707,TRUE,3.171572496,-2.510242746,3.217633456,-0.209947691,-0.265545045,0,0.223051152,0.009888672,-0.230099804,3.411850637,1.481234299,-0.471583434,-1.453149021,0.533135028,-0.408713017,2.093786268,1.290851663,-1.055210075,0,0,0,0,0,0,0,0,0,0,0,0,0,-0.155099354,-0.414889982,-0.406671179,-0.078702485,0,0,0,0,0.221783375,-0.241116992,0,-0.395670162,-0.110295753,-0.356806516,-0.400504917,-0.400479896,-0.400510234,0,-0.316250747,0.411879011,0.41352136,0.418472096,0.100585255,0.38095018,0.382717444,0.331375804,0.204886823,0
11/23/2023 22:58,0.084433948,0.242318707,TRUE,0.344471881,0.577229356,-0.664895845,-0.209947691,-0.265545045,0,0.242536915,0.040170016,-0.143723802,-0.585495696,1.303278095,-0.471583434,-1.516497116,0.469094697,-0.473819315,0.110216226,-0.724325365,-1.05590347,0,0,0,0,0,0,0,0,0,0,0,0,0,-0.155099354,-0.414889982,-0.406671179,-0.078702485,0,0,0,0,0.221783375,-0.241116992,0,-0.395670162,-0.110295753,-0.356806516,-0.400504917,-0.400479896,-0.400510234,0,-0.316250747,0.411879011,0.41352136,0.418472096,0.100585255,0.38095018,0.382717444,0.331375804,0.204886823,0
11/23/2023 22:59,0.08345041,0.242318707,TRUE,0.645996251,0.190352141,-0.655621451,-0.209947691,-0.265545045,0,0.331446371,-0.02434754,-0.225550341,-0.582700194,1.466786569,-0.471583434,-1.514618453,0.469894552,-0.472877062,0.110871717,-0.723953973,-1.062314221,0,0,0,0,0,0,0,0,0,0,0,0,0,-0.155099354,-0.414889982,-0.406671179,-0.078702485,0,0,0,0,0.221783375,-0.241116992,0,-0.395670162,-0.110295753,-0.356806516,-0.400504917,-0.400479896,-0.400510234,0,-0.316250747,0.411879011,0.41352136,0.418472096,0.100585255,0.38095018,0.382717444,0.331375804,0.204886823,0
11/23/2023 23:00,0.084105165,0.242318707,TRUE,0.309750893,1.006698557,-0.54185555,-0.209947691,-0.265545045,0,0.157566611,-0.01745476,-0.224851618,-0.60530997,0.675021744,-0.471583434,-1.50546395,0.467273142,-0.475979752,0.103814726,-0.733153065,-1.06057443,0,0,0,0,0,0,0,0,0,0,0,0,0,-0.155099354,-0.414889982,-0.406671179,-0.078702485,0,0,0,0,0.221783375,-0.241116992,0,-0.395670162,-0.110295753,-0.356806516,-0.400504917,-0.400479896,-0.400510234,0,-0.316250747,0.411879011,0.41352136,0.418472096,0.100585255,0.38095018,0.382717444,0.331375804,0.204886823,0
11/23/2023 23:01,0.079646335,0.242318707,TRUE,-0.205581667,0.322860545,-0.671542495,-0.209947691,-0.265545045,0,0.212595377,-0.005281024,-0.339670034,-0.672678502,0.378108934,-0.471583434,-1.480213445,0.46550654,-0.477159102,0.074833647,-0.764249997,-1.058815728,0,0,0,0,0,0,0,0,0,0,0,0,0,-0.155099354,-0.414889982,-0.406671179,-0.078702485,0,0,0,0,0.221783375,-0.241116992,0,-0.395670162,-0.110295753,-0.356806516,-0.400504917,-0.400479896,-0.400510234,0,-0.316250747,0.411879011,0.41352136,0.418472096,0.100585255,0.38095018,0.382717444,0.331375804,0.204886823,0
11/23/2023 23:02,0.083219205,0.242318707,TRUE,0.360187696,0.76602754,-0.614381312,-0.209947691,-0.265545045,0,0.400571201,0.003480249,-0.353618503,-0.6120615,0.850976978,-0.471583434,-1.460147129,0.467112945,-0.476004825,0.100820851,-0.73529952,-1.060313461,0,0,0,0,0,0,0,0,0,0,0,0,0,-0.155099354,-0.414889982,-0.406671179,-0.078702485,0,0,0,0,0.221783375,-0.241116992,0,-0.395670162,-0.110295753,-0.356806516,-0.400504917,-0.400479896,-0.400510234,0,-0.316250747,0.411879011,0.41352136,0.418472096,0.100585255,0.38095018,0.382717444,0.331375804,0.204886823,0
11/23/2023 23:03,0.092093335,0.242318707,TRUE,0.108734646,1.289462026,-0.664895845,-0.209947691,-0.265545045,0,0.423041612,0.025193811,-0.454625157,-0.687208969,0.378103287,-0.471583434,-1.462071609,0.466644248,-0.47628021,0.06763719,-0.771620698,-1.063392134,0,0,0,0,0,0,0,0,0,0,0,0,0,-0.155099354,-0.414889982,-0.406671179,-0.078702485,0,0,0,0,0.221783375,-0.241116992,0,-0.395670162,-0.110295753,-0.356806516,-0.400504917,-0.400479896,-0.400510234,0,-0.316250747,0.411879011,0.41352136,0.418472096,0.100585255,0.38095018,0.382717444,0.331375804,0.204886823,0
11/23/2023 23:04,0.086429162,0.242318707,TRUE,0.187313724,0.780724404,-0.605076003,-0.209947691,-0.265545045,0,0.18949762,0.037906171,-0.34228265,-0.589458551,1.2415999,-0.471583434,-1.468917585,0.467956988,-0.474786096,0.109616521,-0.727396491,-1.061727987,0,0,0,0,0,0,0,0,0,0,0,0,0,-0.155099354,-0.414889982,-0.406671179,-0.078702485,0,0,0,0,0.221783375,-0.241116992,0,-0.395670162,-0.110295753,-0.356806516,-0.400504917,-0.400479896,-0.400510234,0,-0.316250747,0.411879011,0.41352136,0.418472096,0.100585255,0.38095018,0.382717444,0.331375804,0.204886823,0
11/23/2023 23:05,0.082757098,0.242318707,TRUE,-0.362739824,0.401997508,-0.689119189,-0.209947691,-0.265545045,0,0.198565628,-0.012006772,-0.205396064,-0.724136905,0.2204878,-0.471583434,-1.483940698,0.464876425,-0.477891511,0.046261048,-0.793691854,-1.066267412,0,0,0,0,0,0,0,0,0,0,0,0,0,-0.155099354,-0.414889982,-0.406671179,-0.078702485,0,0,0,0,0.221783375,-0.241116992,0,-0.395670162,-0.110295753,-0.356806516,-0.400504917,-0.400479896,-0.400510234,0,-0.316250747,0.411879011,0.41352136,0.418472096,0.100585255,0.38095018,0.382717444,0.331375804,0.204886823,0
11/23/2023 23:06,0.085275313,0.242318707,FALSE,0.225689553,0.625736896,-0.72672514,-0.209947691,-0.265545045,0,0.246336804,0.001919541,-0.338044743,-0.732489962,1.070914728,-0.471583434,-1.544279041,0.466056059,-0.476543878,0.041584901,-0.797546711,-1.07188307,0,0,0,0,0,0,0,0,0,0,0,0,0,-0.155099354,-0.414889982,-0.406671179,-0.078702485,0,0,0,0,0.221783375,-0.241116992,0,-0.395670162,-0.110295753,-0.356806516,-0.400504917,-0.400479896,-0.400510234,0,-0.316250747,0.411879011,0.41352136,0.418472096,0.100585255,0.38095018,0.382717444,0.331375804,0.204886823,0
11/23/2023 23:07,0.085782774,0.242318707,FALSE,0.344471881,0.729850642,-0.691482442,-0.209947691,-0.265545045,0,0.221150102,0.028154224,-0.318769102,-0.693813727,1.056568138,-0.471583434,-1.560311361,0.46681928,-0.476192321,0.059241324,-0.777762949,-1.071296836,0,0,0,0,0,0,0,0,0,0,0,0,0,-0.155099354,-0.414889982,-0.406671179,-0.078702485,0,0,0,0,0.221783375,-0.241116992,0,-0.395670162,-0.110295753,-0.356806516,-0.400504917,-0.400479896,-0.400510234,0,-0.316250747,0.411879011,0.41352136,0.418472096,0.100585255,0.38095018,0.382717444,0.331375804,0.204886823,0
11/23/2023 23:08,0.079086881,0.242318707,FALSE,0.309750893,-0.136186426,0.325609445,-0.209947691,-0.265545045,0,0.365307166,-0.047261376,-0.364596217,0.057439099,1.334794721,-0.471583434,-1.551236463,0.478882244,-0.463757035,0.434210193,-0.398700353,-1.058612332,0,0,0,0,0,0,0,0,0,0,0,0,0,-0.155099354,-0.414889982,-0.406671179,-0.078702485,0,0,0,0,0.221783375,-0.241116992,0,-0.395670162,-0.110295753,-0.356806516,-0.400504917,-0.400479896,-0.400510234,0,-0.316250747,0.411879011,0.41352136,0.418472096,0.100585255,0.38095018,0.382717444,0.331375804,0.204886823,0
11/23/2023 23:09,0.244596489,0.242318707,TRUE,3.869031025,-4.037393123,5.100829089,-0.209947691,-0.265545045,0,0.297808784,-0.058993188,-0.395697912,5.179104895,1.796378798,-0.471583434,-1.547905117,0.561710122,-0.379908732,2.968014047,2.181468746,-1.066633352,0,0,0,0,0,0,0,0,0,0,0,0,0,-0.155099354,-0.414889982,-0.406671179,-0.078702485,0,0,0,0,0.221783375,-0.241116992,0,-0.395670162,-0.110295753,-0.356806516,-0.400504917,-0.400479896,-0.400510234,0,-0.316250747,0.411879011,0.41352136,0.418472096,0.100585255,0.38095018,0.382717444,0.331375804,0.204886823,0
11/23/2023 23:10,0.151398139,0.242318707,FALSE,2.850271376,-2.198217005,2.748823138,-0.209947691,-0.265545045,0,0.369089813,-0.026781747,-0.409035,2.80016198,1.607371387,-0.471583434,-1.549722918,0.522936495,-0.41904487,1.790948705,0.983193132,-1.070048725,0,0,0,0,0,0,0,0,0,0,0,0,0,-0.155099354,-0.414889982,-0.406671179,-0.078702485,0,0,0,0,0.221783375,-0.241116992,0,-0.395670162,-0.110295753,-0.356806516,-0.400504917,-0.400479896,-0.400510234,0,-0.316250747,0.411879011,0.41352136,0.418472096,0.100585255,0.38095018,0.382717444,0.331375804,0.204886823,0
11/23/2023 23:11,0.082452976,0.242318707,FALSE,-0.041438704,0.401997508,-0.695913541,-0.209947691,-0.265545045,0,0.212557356,-0.058467836,-0.518532658,-0.699831396,0.598781692,-0.471583434,-1.577365447,0.465055346,-0.478161037,0.059747741,-0.778622864,-1.070945516,0,0,0,0,0,0,0,0,0,0,0,0,0,-0.155099354,-0.414889982,-0.406671179,-0.078702485,0,0,0,0,0.221783375,-0.241116992,0,-0.395670162,-0.110295753,-0.356806516,-0.400504917,-0.400479896,-0.400510234,0,-0.316250747,0.411879011,0.41352136,0.418472096,0.100585255,0.38095018,0.382717444,0.331375804,0.204886823,0
11/23/2023 23:12,0.089620381,0.242318707,FALSE,-0.084690777,0.181979357,-0.805668465,-0.209947691,-0.265545045,0,0.348505829,-0.073776846,-0.364506638,-0.747092109,-0.458498547,-0.471583434,-1.626190712,0.462894523,-0.479964792,0.034330511,-0.799922301,-1.06796854,0,0,0,0,0,0,0,0,0,0,0,0,0,-0.155099354,-0.414889982,-0.406671179,-0.078702485,0,0,0,0,0.221783375,-0.241116992,0,-0.395670162,-0.110295753,-0.356806516,-0.400504917,-0.400479896,-0.400510234,0,-0.316250747,0.411879011,0.41352136,0.418472096,0.100585255,0.38095018,0.382717444,0.331375804,0.204886823,0
11/23/2023 23:13,0.089572526,0.242318707,TRUE,0.141628214,0.462467613,-0.719614771,-0.209947691,-0.265545045,0,0.509901913,-0.037015352,-0.240223524,-0.752273516,-0.24871177,-0.471583434,-1.605797297,0.463341027,-0.47992863,0.032603276,-0.804117491,-1.081886866,0,0,0,0,0,0,0,0,0,0,0,0,0,-0.155099354,-0.414889982,-0.406671179,-0.078702485,0,0,0,0,0.221783375,-0.241116992,0,-0.395670162,-0.110295753,-0.356806516,-0.400504917,-0.400479896,-0.400510234,0,-0.316250747,0.411879011,0.41352136,0.418472096,0.100585255,0.38095018,0.382717444,0.331375804,0.204886823,0
11/23/2023 23:14,0.089799008,0.242318707,FALSE,0.108734646,0.729850642,-0.684835793,-0.209947691,-0.265545045,0,0.420475195,-0.00301718,-0.327260106,-0.676641357,-0.053636549,-0.471583434,-1.585299172,0.464281316,-0.478477438,0.071235418,-0.766706897,-1.075873242,0,0,0,0,0,0,0,0,0,0,0,0,0,-0.155099354,-0.414889982,-0.406671179,-0.078702485,0,0,0,0,0.221783375,-0.241116992,0,-0.395670162,-0.110295753,-0.356806516,-0.400504917,-0.400479896,-0.400510234,0,-0.316250747,0.411879011,0.41352136,0.418472096,0.100585255,0.38095018,0.382717444,0.331375804,0.204886823,0
11/23/2023 23:15,0.088827923,0.242318707,FALSE,0.309750893,0.571313802,-0.755166615,-0.209947691,-0.265545045,0,0.307652298,0.03191245,-0.29751881,-0.719771962,0.015213529,-0.471583434,-1.6167827,0.464277245,-0.478706359,0.04992498,-0.786376385,-1.075797599,0,0,0,0,0,0,0,0,0,0,0,0,0,-0.155099354,-0.414889982,-0.406671179,-0.078702485,0,0,0,0,0.221783375,-0.241116992,0,-0.395670162,-0.110295753,-0.356806516,-0.400504917,-0.400479896,-0.400510234,0,-0.316250747,0.411879011,0.41352136,0.418472096,0.100585255,0.38095018,0.382717444,0.331375804,0.204886823,0
11/23/2023 23:16,0.099159848,0.242318707,FALSE,0.360187696,0.81803183,-0.63476437,-0.209947691,-0.265545045,0,0.164460791,0.00971066,-0.441083095,-0.657971907,1.607548407,-0.471583434,-1.638598897,0.469349465,-0.47375877,0.076299591,-0.760414502,-1.076474184,0,0,0,0,0,0,0,0,0,0,0,0,0,-0.155099354,-0.414889982,-0.406671179,-0.078702485,0,0,0,0,0.221783375,-0.241116992,0,-0.395670162,-0.110295753,-0.356806516,-0.400504917,-0.400479896,-0.400510234,0,-0.316250747,0.411879011,0.41352136,0.418472096,0.100585255,0.38095018,0.382717444,0.331375804,0.204886823,0
11/23/2023 23:17,0.105761452,0.242318707,TRUE,0.540919576,1.176152283,-0.679699746,-0.209947691,-0.265545045,0,0.225932971,0.051053886,-0.457653417,-0.631548872,1.603246344,-0.471583434,-1.667839857,0.469798803,-0.473052283,0.088490559,-0.749341078,-1.079451159,0,0,0,0,0,0,0,0,0,0,0,0,0,-0.155099354,-0.414889982,-0.406671179,-0.078702485,0,0,0,0,0.221783375,-0.241116992,0,-0.395670162,-0.110295753,-0.356806516,-0.400504917,-0.400479896,-0.400510234,0,-0.316250747,0.411879011,0.41352136,0.418472096,0.100585255,0.38095018,0.382717444,0.331375804,0.204886823,0
11/23/2023 23:18,0.085718163,0.242318707,FALSE,0.360187696,0.213481956,-0.568519433,-0.209947691,-0.265545045,0,0.384502576,0.061667836,-0.424057545,-0.577966272,1.583913035,-0.471583434,-1.716365378,0.469204092,-0.473309559,0.111625532,-0.720701437,-1.082093984,0,0,0,0,0,0,0,0,0,0,0,0,0,-0.155099354,-0.414889982,-0.406671179,-0.078702485,0,0,0,0,0.221783375,-0.241116992,0,-0.395670162,-0.110295753,-0.356806516,-0.400504917,-0.400479896,-0.400510234,0,-0.316250747,0.411879011,0.41352136,0.418472096,0.100585255,0.38095018,0.382717444,0.331375804,0.204886823,0
11/23/2023 23:19,0.103524328,0.242318707,FALSE,0.78737214,1.388897107,-0.596314511,-0.209947691,-0.265545045,0,0.346671249,0.064708196,-0.452190673,-0.643977826,1.409807983,-0.471583434,-1.703267782,0.468700874,-0.474063008,0.08096699,-0.754478234,-1.077324749,0,0,0,0,0,0,0,0,0,0,0,0,0,-0.155099354,-0.414889982,-0.406671179,-0.078702485,0,0,0,0,0.221783375,-0.241116992,0,-0.395670162,-0.110295753,-0.356806516,-0.400504917,-0.400479896,-0.400510234,0,-0.316250747,0.411879011,0.41352136,0.418472096,0.100585255,0.38095018,0.382717444,0.331375804,0.204886823,0
11/23/2023 23:20,0.092347401,0.242318707,TRUE,-0.202089264,1.130057571,-0.655147427,-0.209947691,-0.265545045,0,0.211682873,0.04353289,-0.171344963,-0.655271295,0.914021952,-0.471583434,-1.663792087,0.467202406,-0.475645456,0.077525654,-0.759786628,-1.079451159,0,0,0,0,0,0,0,0,0,0,0,0,0,-0.155099354,-0.414889982,-0.406671179,-0.078702485,0,0,0,0,0.221783375,-0.241116992,0,-0.395670162,-0.110295753,-0.356806516,-0.400504917,-0.400479896,-0.400510234,0,-0.316250747,0.411879011,0.41352136,0.418472096,0.100585255,0.38095018,0.382717444,0.331375804,0.204886823,0
11/23/2023 23:21,0.090432885,0.242318707,FALSE,0.518879103,1.099616036,-0.64122729,-0.209947691,-0.265545045,0,0.328522334,0.049442012,-0.260128608,-0.581597278,0.827906113,-0.471583434,-1.643915752,0.468038101,-0.475163376,0.116520439,-0.721149372,-1.081320423,0,0,0,0,0,0,0,0,0,0,0,0,0,-0.155099354,-0.414889982,-0.406671179,-0.078702485,0,0,0,0,0.221783375,-0.241116992,0,-0.395670162,-0.110295753,-0.356806516,-0.400504917,-0.400479896,-0.400510234,0,-0.316250747,0.411879011,0.41352136,0.418472096,0.100585255,0.38095018,0.382717444,0.331375804,0.204886823,0
11/23/2023 23:22,0.084876831,0.242318707,FALSE,0.141628214,0.734583085,-0.634290345,-0.209947691,-0.265545045,0,0.275621816,0.02371563,-0.437263409,-0.61944108,0.74100609,-0.471583434,-1.641682947,0.466805033,-0.476073773,0.095474647,-0.74169508,-1.08319171,0,0,0,0,0,0,0,0,0,0,0,0,0,-0.155099354,-0.414889982,-0.406671179,-0.078702485,0,0,0,0,0.221783375,-0.241116992,0,-0.395670162,-0.110295753,-0.356806516,-0.400504917,-0.400479896,-0.400510234,0,-0.316250747,0.411879011,0.41352136,0.418472096,0.100585255,0.38095018,0.382717444,0.331375804,0.204886823,0
11/23/2023 23:23,0.085918847,0.242318707,FALSE,-0.127002589,0.780724404,-0.505376267,-0.209947691,-0.265545045,0,0.287021485,0.048006403,-0.381471897,-0.603989018,0.254754426,-0.471583434,-1.620898246,0.46594412,-0.477071212,0.104219178,-0.732310291,-1.080865685,0,0,0,0,0,0,0,0,0,0,0,0,0,-0.155099354,-0.414889982,-0.406671179,-0.078702485,0,0,0,0,0.221783375,-0.241116992,0,-0.395670162,-0.110295753,-0.356806516,-0.400504917,-0.400479896,-0.400510234,0,-0.316250747,0.411879011,0.41352136,0.418472096,0.100585255,0.38095018,0.382717444,0.331375804,0.204886823,0
11/23/2023 23:24,0.092480395,0.242318707,TRUE,-0.205581667,0.729850642,-0.551902811,-0.209947691,-0.265545045,0,0.238259552,0.081267509,-0.310931253,-0.544546196,1.549993699,-0.471583434,-1.6339056,0.469007181,-0.474258761,0.134204415,-0.703441711,-1.085858128,0,0,0,0,0,0,0,0,0,0,0,0,0,-0.155099354,-0.414889982,-0.406671179,-0.078702485,0,0,0,0,0.221783375,-0.241116992,0,-0.395670162,-0.110295753,-0.356806516,-0.400504917,-0.400479896,-0.400510234,0,-0.316250747,0.411879011,0.41352136,0.418472096,0.100585255,0.38095018,0.382717444,0.331375804,0.204886823,0
11/23/2023 23:25,0.094048861,0.242318707,TRUE,0.450553636,0.974044701,-0.430933797,-0.209947691,-0.265545045,0,0.259560818,0.123549167,-0.194963741,-0.539988913,1.442044528,-0.471583434,-1.630551072,0.469807952,-0.472399906,0.138522289,-0.699510671,-1.093029812,0,0,0,0,0,0,0,0,0,0,0,0,0,-0.155099354,-0.414889982,-0.406671179,-0.078702485,0,0,0,0,0.221783375,-0.241116992,0,-0.395670162,-0.110295753,-0.356806516,-0.400504917,-0.400479896,-0.400510234,0,-0.316250747,0.411879011,0.41352136,0.418472096,0.100585255,0.38095018,0.382717444,0.331375804,0.204886823,0
11/23/2023 23:26,0.099497216,0.242318707,FALSE,0.309750893,0.78900618,-0.634290345,-0.209947691,-0.265545045,0,0.34791919,0.139029979,-0.240922247,-0.61944108,1.664735578,-0.471583434,-1.621909222,0.468771091,-0.473723251,0.09739928,-0.740380924,-1.083626657,0,0,0,0,0,0,0,0,0,0,0,0,0,-0.155099354,-0.414889982,-0.406671179,-0.078702485,0,0,0,0,0.221783375,-0.241116992,0,-0.395670162,-0.110295753,-0.356806516,-0.400504917,-0.400479896,-0.400510234,0,-0.316250747,0.411879011,0.41352136,0.418472096,0.100585255,0.38095018,0.382717444,0.331375804,0.204886823,0
11/23/2023 23:27,0.101280236,0.242318707,FALSE,-0.362739824,1.654828137,-0.547673125,-0.209947691,-0.265545045,0,0.51481048,0.123330698,-0.728059218,-0.715789559,1.02292831,-0.471583434,-1.638853373,0.465681572,-0.47727895,0.041468256,-0.790438322,-1.06796854,0,0,0,0,0,0,0,0,0,0,0,0,0,-0.155099354,-0.414889982,-0.406671179,-0.078702485,0,0,0,0,0.221783375,-0.241116992,0,-0.395670162,-0.110295753,-0.356806516,-0.400504917,-0.400479896,-0.400510234,0,-0.316250747,0.411879011,0.41352136,0.418472096,0.100585255,0.38095018,0.382717444,0.331375804,0.204886823,0
